0.0,1.0,2.0,3.0,4.0,5.0,6.0,7.0,8.0,9.0,10.0,11.0,12.0,13.0,14.0,15.0,16.0,17.0,18.0,19.0,20.0,21.0,22.0,23.0,24.0,25.0,26.0,27.0,28.0,29.0,30.0,31.0,32.0,33.0,34.0,35.0,36.0,37.0,38.0,39.0,40.0,41.0,42.0,43.0,44.0,45.0,46.0,47.0,48.0,49.0
,0.13440000000000002,0.0,-0.04347857142857142,-0.18066,0.0022394265232974987,0.3885333333333334,-0.011008695652173913,-0.4366,-0.3113,,-0.021639999999999993,,,0.046325,0.6808,,-0.44279999999999997,0.5719,-0.6808,,0.0,-0.13726666666666665,,,,,-0.3515818181818182,0.1414,,,,,0.5264454545454545,0.011733333333333337,0.1028,,,-0.3177,-0.1027,,-0.5095,,,,,0.08466666666666667,-0.7378,0.34,
,,,0.13947142857142855,0.035350000000000006,-0.2233,0.5574,,,,0.0,,,,0.0258,,,,,,,,,,,,0.0,-0.1531,0.86785,,,,,,,,,,,,,,,,,,,,,
,0.0258,,-0.2481,,-0.08523333333333333,-0.51145,0.3954,-0.7579,,,,,,-0.6597,,,,,,,,,,,0.9412,,,0.8402,-0.4678,,,,,,,,,,,,,,,-0.9318,,,,,
-0.3587,0.4667666666666666,,,0.3291,0.14032499999999998,0.19695,-0.9359,,,,,,,,,,,,,,,,,,,,,,,,,,,,,,,0.1027,,,,,,,,,,,
,,,,0.3933,0.3473,,,,,,,,,0.6486,,-0.6705,,,,,,,,,,,,,,,,,,,,,,,,,,,,,,,,,
,,,0.0,0.3182,-0.0816,,,,,,,-0.7278,,,,,,,,,,,,,,,,,-0.4946,0.5574,,,,,,,,,,0.908,,,,,,,,,
,,,,,-0.784,,,,,,,,,,,,,,,,,,,,,,,,,,,,,,,,,,,,,,,,,,,,
,,,,,-0.2594,,,,,,,,,0.7351,,,,,,,,,,,,,,,,,,,,0.7096,,,,,,,,,,,,,,,
,,,,,-0.5267,,,,,,,,,,,,,,,,,,,,,,,,,,,,,,,,,,,,,,,,,,,,
,,,,,0.3595,,,,,,,,,,,,,,-0.25,,,,,,,,,,,,,,,,,,,,,,,,,,,,,,
,,,,,,,0.6966,,,,,,,,,,,,,,,,,,,,,,,,,,,,,,,,,,,,,,,,,,
,,,,0.0,,,,,,,,,,,,,,,,,,,,,,,,,,,,,,,,,,,,,,,,,,,,,
,,,,,0.5423,-0.296,,,,,,,,,,,,,,,,,,,,,,,,,,,,,,,,,,,,,,,,,,,
,,,,0.765,,,,,,,,,,,,,,,,,,,,,,,,,,,,,,,,,,,,,,,,,,,,,
,,,,,,,,,,,,,,,,,,,,,,,,,,,,,,,,,,,,,,,,,,0.3182,,,,,,,
,,,,-0.6478,,,,,,,,,,,,,,,,,,,,,,,,0.0,,,,,,,,,,,,,,,,,,,,,
,,,,,,,,,,,,,,,,,,,,,,-0.2617,,,,,,,,,,,,,,,,,,,,,,,,,,,
,,,0.9201,,,,,,,,,,,,,,,,,,,,,,,,,,,,,,,,,,,,,,,,,,,,,,
,,,,,0.8748,,,,,,,,,,,,,,,,,,,,,,,,,,,,,,,,,,,,,,,,,,,,
,,,0.5574,,,,,,,,,,,,,,,,,,,,,,,,,,,,,,,,,,,,,,,,,,,,,,
,,,,,0.0,,,,,,,,,,,,,,,,,,,,,,,,,,,,,,,,,,,,,,,,,,,,
,,,,,,,,,,0.7269,,,,,,,,,,,,,,,,,,,,,,,,,,,,,,,,,,,,,,,
,,0.3818,,,,,,,,,,,,,,,,,,,,,,,,0.3612,,,,,,,,,,,,,,,,,,,,,,,
,,,,,,,,,,,,,,,,,,,,,,,,,,-0.4215,,,,,,,,,,,,,,,,,,,,,,,
,,,,,,0.3164,,,,,,,,,,,,,,,,,,,,,,,,,,,,,,,,,,,,,,,,,,,
,,,,,,,,,,,,0.8455,,,,,,,,,,,,,,,,,,,,,,,,,,,,,,,,,,,,,
,,0.9442,,,,,,,,,,,,,,,,,,,,,,,,,,,,,,,,,,,,,,,,,,,,,,,
,,,,,,,,,,,,,,,,,,,,,,,,,,,,,,0.4364,,,,,,,,,,,,,,,,,,,
,,,,,,,,,,,,,,,,,,,,,,,,,,,,0.6486,,,,,,,,,,,,,,,,,,,,,
,,,,,,,,,,,,,,,,,,,,,,,,,,0.9098,,,,,,,,,,,,,,,,,,,,,,,
,,-0.0382,,,,,,,,,,,,,,,,,,,,,,,,,,,,,,,,,,,,,,,,,,,,,,,
,,,,,,,0.8126,,,,,,,,,,,,,,,,,,,,,,,,,,,,,,,,,,,,,,,,,,
,,,,,,,0.9468,,,,,,,,,,,,,,,,,,,,,,,,,,,,,,,,,,,,,,,,,,
,,,,,,,,,,,,,,,,,,,,,,,,,,,,,,,,,0.9351,,,,,,,,,,,,,,,,
,,,,,,,0.5994,,,,,,,,,,,,,,,,,,,,,,,,,,,,,,,,,,,,,,,,,,
,,,,,,-0.8267,,,,,,,,,,,,,,,,,,,,,,,,,,,,,,,,,,,,,,,,,,,
,,,,,0.836,,,,,,,,,,,,,,,,,,,,,,,,,,,,,,,,,,,,,,,,,,,,
,,,,,,,,,,,,,,,,,,,,,,,,,,,,,,,0.4926,,,,,,,,,,,,,,,,,,
,-0.936,,,,,,,,,,,,,,,,,,,,,,,,,,,,,,,,,,,,,,,,,,,,,,,,
,,,,,,,,,,,,,,,,,,,,,,,,,,,,,,,,,,,,,,0.8475,,,,,,,,,,,
,,,,,,,,,,,,,,,,,,,,,,-0.8357,,,,,,,,,,,,,,,,,,,,,,,,,,,
,,,,,,,,,,,,,,,,0.1012,,,,,,,,,,,,,,,,,,,,,,,,,,,,,,,,,
,,,,,,,,0.8225,,,,,,,,,,,,,,,,,,,,,,,,,,,,,,,,,,,,,,,,,
,,,,,,0.4404,,,,,,,,,,,,,,,,,,,,,,,,,,,,,,,,,,,,,,,,,,,
,,,,,,-0.3218,,,,,,-0.5859,,,,,,,,,,,,,,,,,0.2247,,,,,,,,,,,,,,,,,,,,
,,,0.77745,,,-0.4019,,,,,0.0,,,,,,,,,,,,,,,,,,,,,,,,,,,,,,,,,,,,,,
,,,,,,,,,,,0.3612,,,,,,,,,,,,,,,,,,,,,,,,,,,,,,,,,,,,,,
,,,,,,,,,,,,,0.4215,,,0.33203333333333335,,,-0.6757,,,,,,,,,,,,,,,,,,,0.3256,,,,,,,,,,,
,,,,,,0.431,,,,,,,,,,-0.5106,,,,,,,,,,,,,,,,,,,,,,,,,,,,,,,,,
,,,,,-0.3709,-0.6597,,,,,,,,,,,,,,,,,,,,,,,,,,,,,,,,,,,,,,,,,,,
,,,,,,-0.34,,,,,,,,,,,,,,,,,,,,,,,,,,,,,,,,,,,,,,,,,,,
,,,,,,0.4767,,,,,,,,,,,,,,,,,,,,,,,,,,,,,,,,,,,,,,,,,,,
,,,,,,,,,,,,,0.7506,,,,,,,,,,,,,,,,,,,,,,,,,,,,,,,,,,,,
,,,,,,,,,,,,,,,,,,,,,,,,,0.7986,,,,,,,,,,,,,,,,,,,,,,,,
,,,,,,,,,,,,,,,,,,,,,,,,,,-0.7543,,,-0.778,,,,,,,,,,,,,,,,,,,,
,,,,,,,,0.9564,,,,,,,,,,,,,,,,,,,,,,,,,,,,,,,,,,,,,,,,,
,,,,,,0.1779,,,,,,-0.4292,,,,,,,0.34,,,,,,-0.3943666666666667,,,,0.8473,,,,,,,,,0.9373,,,,,,,,,,,
,,,,,,,,,,0.9685,,,,,,,,,,,,,,,,,,,,,,,,,,,,,,,,,,,,,,,
,,,,,,,,,,,,,,-0.7405,,,,,,,,,,,,,,,,,,,,,,,,,,,,,,,,,,,
,,,,,,,,,,0.5423,,,,,,,,,,,,,,,-0.4215,,,,,,,,,,,,,,,,,,,,,,,,
,,,,,,,,,,,,,,,,,,,,,,,,,0.2846,,,,,,,,,,,,,,,,,,,,,,,,
,,,,,,,,,,,,,0.7003,,,,,,,,,,,,0.5232,,,,,,,,,,,,,,,,,,,,,,,,
,,,,,,,,,,,,,,,,,,,,,,,,,,-0.4404,,,,,,,,,,,,,,,,,,,,,,,
,,,,,0.3612,,,,,0.2263,,,,,,,,,,,,,,,,,,,,,,,,,,,,,,,,,,,,,,,
,,,,,,,,,,0.8393,,,,,,,,,,,,,,,,,,,,,,,,,,,,,,,,,,,,,,,
,,-0.8497,,,,,,,,,,,,,,,,,,,,,,,,0.296,,,,,,,,,,,,,,,,,,,,,,,
,,,,,,0.5719,,,,,,,,,,,,,,,,,,,,,,,,,,,,,,,,,,,,,,,,,,,
,,,,,,,,,,,,,,,0.8807,,,,,,,,,,,,,,,,,,,,,,,,,,,,,,,,,,
,,,,,-0.8176,,,,,,,,,,,,,,,,,,,,0.4404,,,,,,,,,,,,,,,,,,,,,,,,
,,,,,0.17028888888888888,,,0.0,-0.6844,,0.0,,-0.1709,,,,,,,,,,,,,,,,,,,,,,,,,,,,,,,,,,,,
,,,,,0.9386,0.0403,,,,,,,,,,,,,,,,,,,,,,,,,,,,,,,-0.5106,,,,,,,,,,,,
,,,,,,0.8829,,,,,,,,,,,,,,,,,,,,,,,,,,,,,,,,,,,,,,,,,,,
,0.8902,,,,,0.6463,,,,,,,,,,,,,,,,,,,,,,,,,,,,,,,,,,,,,,,,,,,
,0.0772,,,,,,,,,,,,,,,,,,,,,,,,,,,,,,,,,,,,,,,,,,,,,,,,
,,,,,,,,,,,,,,,,,,,0.2192,,,,,,,,,,,,,,,,,,,,,,,,,,,,,,
,,,,,,,,,,,,,,,,,,,,,,,,,,-0.8523,,,,,,,,,,,,,,,,,,,,,,,
,,,,,,,,,,,,,,,,,,,,,,,,,,,,,,,,,,,,,0.0,,,,,,,,,,,,
,,,,,,,,,,,,,,,,,,,,0.27475,,,,,,,,,,,,,,,,,,,,,,,,,,,,,
,,,,,,,,,,,,,,,,,,,,0.4215,,,,,,,,,,,,,,,,,,,,,,,,,,,,,
,,,,,,,,,,-0.3182,,,,,,,,,,,,,,,,,,,,,,,,,,,,,,,,,,,,,,,
,,-0.3612,,,,,,,,0.0,,,,,,,,,,,,,,,,,,,,,,,,,,,,,,,,,,,,,,,
,,,,,,,,,,,,,,,,,,,,,,,,,,,,,,,,,,,,,,,,,,,,,,,,,0.4585
,,,,,,,-0.296,,,,,,,,,,,,,,,,,,,,,,,,,,,,,,,,,,,,,,,,,,
,,,,,,,,,,,,,,,-0.3182,,,,,,,,,,,,,,,,,,,,,,,,,,,,,,,,,,
,0.6808,,,,,,,,,,,,,,,,,,,,,,,,,-0.5216,,,,,,,,,,,,,,,,,,,,,,,
,,,-0.0387,,,,,,,,,,,,,,,,,,,,,,,,,,,,,,,,,,,,,,,,,,,,,,
,,,,,,0.4003,,,,,,,,,,,,,,,,,,,,,,,,,,,,,,,,,,,,,,,,,,,
,,,,,,,,,,0.0,,,,,,,,,,,,,,,,,,,,,,,,,,,,,,,,,,,,,,,
,,,,,,,,,,,,0.8176,0.3182,,,,,,,,,,,,,,,,,,,,,,,,,,,,,,,,,,,,
,,0.4753,,,,,,,,,,,,,,,,,,,,,,,,,,,,,,,,,,,,,,,,,,,,,,,
,,,,,,,,,,,,,,,,,,,,,,,,,,-0.07749999999999999,,,,,,,,,,,,,,,,,,,,,,,
,,,,,,,,,,,,0.8307,,,,,,,,,,,,,,0.7992,,,,,,,,,,,,,,,,,,,,,,,
,,,,-0.8833,,,,,,,,,,,,,,,,,,,,,,,,,,,,,,,,,,,,,,,,,,,,,
,,,,,,,,,,,,,,,,,,,,,,,,,,-0.2469,,,,,,,,,,,,,,,,,,,,,,,
,,0.5859,,,,,,,,,,,,,,,,,,,,,,,0.6486,,,,,,,,,,,,,,,,,,,,,,,,
,,,,,,,,,,0.34,,,,,,,,,,,,,,,,,,,,,,,,,,,,,,,,,,,,,,,
,,,,,,,,,,,,,,,,,,,,,,,,,0.806,,,,,,,,,,,,,,,,,,,,,,,,
,,,,0.9625,,,,,,,,,,,,,,,,,,,,,,,,,,,,,,,,,,,,,,,,,,,,,
,,,,,,,,,,,,,,,,,,,,,,,,,,-0.8012,,,,,,,,,,,,,,,,,,,,,,,
,,,,,0.0,,,,,,,,,,,,,,,,,,,,,,,,,,,,,,,,,,,,,,,,,,,,
,,,,,,0.128,,,,,,,,,,,,,,,,,,,,,,,,,,,,,,,,,,,,,,,,,,,
,,0.0101,,,,,,,,,,,,,,,,,,,,,,,,,,,,,,,,,,,,,,,,,,,,,,,
,,,,,,0.4184,,,,,,,,,-0.7351,,,,,,,,,,,,,,,,,,,,,,,,,,,,,,,,,,
,,,,,,,,,,,,,,,0.7184,,,,,,,,,,,,,,,,,,,,,,,,,,,,,,,,,,
,,0.0772,,,,,,,,,,,,,,,,,,,,,,,,,,,,,,,,,,,,,,,,,,,,,,,
,,,,,,,,,,,,,,,-0.0023499999999999632,,,,,,,,,,,,,,,,,,,,,,,,,,,,,,,,,,
,,,,,,,,,,,,,,,,,,,,,,,,,,,,,0.0,,,,,,,,,,,,,,,,,,,,
,,,,,,0.0,,,,,,,,,,,,,0.775,,,,,,,,,,,,,,,,,,,,,,,,,,,,,,
,,0.8926,,0.23409999999999997,,0.18969999999999998,,,,,,,,,-0.1909,,,,,,,,,,,,,,,,,,,,,,,,,,,,,,,,,,
,,,,,,,,0.5157499999999999,,,,,,,,,,,,,,,,,,,,,,,,,,,,,,,,,,,,,,,,,
,,0.34,,,,,,,,,,,,,,,,,,0.5859,,,,,,,,,,,,,,,,,,,,,,,,,,,,,
,,0.4631,,0.8591,,,0.4077,0.7371,,,,,,,0.09985,,,,,,,,,,-0.9432,,,,,,,,,,,,,,,,,,,,,,,,
,,,,,,,,,,,,,,,,,,,-0.6632,,,,,,,,,,,,0.0,,,,,,,,,,,,,,,,,,
,,,,,,,,,,,,,,,,,,,,,,,,,0.0772,,,,,,,,,,,,,,,,,,,,,,,,
,,-0.3485,,,,,,,,,,,,,,,,,,,,,,,,,,,,,,,,,,,,,,,,,,,,,,,0.4404
,,,,,,,,,,,-0.1027,,,,,,,,,,,,,,,,,,,,,,,,,,,,,,,,,,,,,,
,,,,,,,,,,,,-0.296,,,,,,,,,,,,,,,,,,,,,,,,,,,,,,,,,,,,,
,,,,0.7182,,0.7876,,,,,,,,,,,,,,,,,,,,,,-0.2201,,,,,,,,,,,,,,,,,,,,,
,,,,,0.0,,,,,,,,,,0.0,,,,,,,,,,,,,,,,,,,,,,,,,,,,,,,,,,
,,,,,,0.7912,,,,,,,,,,,,,,,,,,,,,,,,,,,,,,,,,,,,,,,,,,,
,,,,,0.5526,,,,,,,,,,,,,,,,,,,,,,,,,,,,,,,,,,,,,,,,,,,,
,,,,,,,,,,,,,,,,,,,,,,,,,,,,,,,,,,,,,,0.6808,,,,,,,,,,,
,,,,,,,,0.0,,,,,,,,,,,,,,,,,,,,,,,,,,,,,,,,,,,,,,,,,
,,,,,,,,,,,,,,,,,,,,0.6542,,,,,,,,,,,,,,,,,,,,,,,,,,,,,
,,,,,,0.8614,,,,,,,,,-0.0972,,,,,,,,,,,,,,,,,,,,,,,,,,,,,,,,,,
,,,,,,,-0.6797,,,,,0.35015,,,,,,,,,,,,,,,,,,,,,,,,,,,,,,,,,,,,,
,,0.9246,,,,,,,,,,,,,-0.27735,,,,,,,,,,,0.53015,,0.7158,-0.6597,,,,,,,,,,,,,,,,,,,,
,,,,,,-0.8139,,-0.9026,,,,0.0914,,,,,,,,,,,,,,,,,,,,,,,,,,,,,,,,,,,,,
,,,,,,,,,,,,,,,,,,,-0.2263,,,,,,,,,-0.5267,,,,,,,,,,,,,,,,,,,,,
,,,,,,,,,,,,,,,,,,,,,,,,,,,,,,,-0.7003,,,,,,,,,,,,,,,,,,
,,,,,,,,,,,,,,0.3761,,,,,,,,,,,,,,,-0.5478,,,,,,,,,,,,,,,,,,,,
,,,,,,,,,,,,,,,,,,,,,,,,,,,,,-0.5267,,,,,,,,,,,,,,,,,,,,
,,,,,,,,,,,,,,,,,,,,,0.4215,,,,,,,,,,,,,,,,,,,,,,,,,,,,
,,,,,,,,-0.146,,,,,,,,,,,,,,,,,,,,,,,,,,,,,,,,,,,,,,,,,
,,,,,,0.0,0.3773,,,,,,,,,-0.4019,,,,,,,,,,,,,,,,,,,,,,,,,,,,,,,,,
,,0.6808,,-0.296,,0.0,,,,0.68,,,,,,-0.2654,,,,,,,,,,0.631,,,,,,,0.7345,,,,,,,,,,,,,,,,
,,,,,,,,,,,,,,,,,,,,,,,,,0.0436,,,,,,,,,,,,,,,,,,,,,,,,
,,0.1154,,,,,,,,,,,,,-0.7003,,,,,,,,,,,0.4019,,0.8697,,,,,,,,,,,,,,,,,,,,,
,,,,,,,,0.4215,,,,,,,,,,,,,,,,,,,,,,,,,,,,,,,,,,,,,,,,,
,,,,,0.0,,,,,,,,,,,,,,,,,,,,,,,,,,,,,,,,,,,,,,,,,,,,
,,-0.6369,,,,-0.1491,,,,,,,,,,,,,,,,,,,,,,,,,,,,,,,,,,,,,,,,,,,
,,0.2023,,,,,,,,,,,,0.7935,,,,,,,,,,,0.7873,,,,,,,,,,,,,,,,,,,,,,,,
,,,,,,,,,,,,,,,,,,,,,,,,,-0.5417000000000001,,,,,,,,,,,,,,,,,,,,,,,,
,,,,,,,,,,,,,,,,,,,,,,,,,0.6124,,,,,,,,,,,,,,,,,,,,,,,,
,,,,,,,,,,,,,,,,,,,,,,,,,0.8934,,,,,,,,,,,,,,,,,,,,,,,,
,,,,,,,0.2014,,,,,,,,,,,,,,,,,,,,,,,,,,,,,,,,,,,,,,,,,,
,,,,,0.7003,,,,,,,,,,,,,,,,,,,,,,,,,,,,,,,,,,,,,,,,,,,,
,,,,,,,-0.08356666666666668,,,0.25,,,,,,,,,,,,,,,,,,,,,,,,,,,,,,,,,,,,,,,
,,-0.5267,,,,,,,,,,,,,,,,,,,,,,,,,,0.9142,,,,,,,,,,,,,,,,,,,,,
,,,,,,,,,,,,,,,,,,,,,,,,,,,,,,,,,,,,,,-0.19063333333333332,,,,,,,,,,,
,,-0.34,,,,,0.0,,,,,,,,,,,,,,,,,,,,,,,,,,,,,,,,,,,,,,,,,,
,,,,,,0.9518,,,,,,,,,,,,,,,,,,,,,,,,,,,,,,,,,,,,,,,,,,,
,,-0.5574,,,,,,0.6808,,,,,,,,,,,,,,,,,,,,,,,,,,,,,,,,,,,,,,,,,
,,,,,,,,,,,,,,,,,,,,,,,,,,,,,,,,,,,,,0.4215,,,,,,,,,,,,
,,,,,,,,,,,,,,,,,,,,,,,,,,,,,,,,,,,,,,-0.1531,,,,,,,,,,,
,,,,,,,,,,,,,,,0.0,,,,,,,,,,,,,,,,,,,,,,,,,,,,,,,,,,
,,,,,,,,,,,,0.4588,,,,,,,,,,,,,,,,,,,,,,,,,,,,,,,,,,,,,
,,,,,,,0.8625,,,,,,,,,,,,,,,,,,,,,,,,,,,,,,,,,,,,,,,,,,
,,,,,,,,,,,,,,,,0.6808,,,,,,,,,,,,,,,,,,,,,,,,,,,,,,,,,
,,,,,,,0.9087,0.128,,,,,,,,,,,,,,,,,,-0.4137,,,,,,,,,,,,,,,,,,,,,,,
,,-0.5994,,,,,,,,,,,,,,,,,,,,0.4278,,,,,,,,,,,,,,,,,,,,,,,,,,,
,,,,,,,,,,,,,,,,,,,,,,0.8468,,,,,,,-0.7262,,,,,,,,,,,,,,,,,,,,
,,,,,,,,,,,,,,,,,,,,,,,,,,,,,,0.6486,,,,,,,,,,,,,,,,,,,
,,,,,,0.0,,,,,,,,,,,,,,,,,,,,0.6808,,,,,,,,,,,,,,,,,,,,,,,
,,,,,,0.1531,,,,,,,,,,,,,,,,,,,,,,,,,,,,,,,,,,,,,,,,,,,
,,,,,,,,,,0.7269,,,,,,,,0.4754,,,,,,,,,,,,,,,,,,,,,,,,,,,,,,,
,,,,,,,,,,0.28595,,,,,,,,,,,,,,,,,,,,,,,,,,,,,,,,,,,,,,,
,,,,,,-0.7579,-0.1027,,,,,,,,,,,,0.6486,,,,,0.218,,,,,,,,,,,,,,,,,,,,,,,,,
,,,,,,0.4019,-0.7212,,,,-0.5267,,,,,,,,,,,,,,,,,,,,,,,,,,,,,,,,,,,,,,
,,,,,,,,,,0.6486,,,,,,,,,,,,,,,,,,,,,,,,,,,,,,,,,,,,,,,
,,,,,0.4215,,,,,,,,,,,,,,,,,,,,,,,,,,,,,,,,,,,,,,,,,,,,
,,,,,,,,,,,,,,,,,,,,,,,,,,-0.5994,,,,,,,,,,,,,,,,,,,,,,,
,,,,,,0.35706666666666664,,,,,,,,,,,,,,,,,,,,,,,,,,,,,,,,,,,,,,,,,,,
,,,,,,,,,,,,0.1027,,,,,,,,,,,,,,,,,,,,,,,,,,,,,,,,,,,,,
,,,,0.6124,,,,,,,,,,,,,,,,,,,,,,,,-0.4215,,,,,,,,,,,,,,,,,,,,,
,,,,,,,,,,,,,,,0.2086,,,,,,,,,,,,,,,,,,,,,,,,,,,,,,,,,,
,,,,,,,,,,,,-0.3252,,,,,,,,,,,,,,,,,,,,,,,,,,,,,,,,,,,,,
,,,,,,0.5759,,,,,,,,,,,,,,,,,,,,,,,,,,,,,,,,,,,,,,,,,,,
,,,,,,,,,,,,,-0.5627,,,,,,,,,,,,,,,,,,,,,,,,,,,,,,,,,,,,
,,,,,,,,,,0.9432,,0.7444500000000001,,,,,,,,,,,,,,,,,,,,,,,,,,,,,,,,,,,,,
,,,,,,-0.6908,,,,,,,,,,,,,,,,,,,,,,,,,,,,,,,,,,,,,,,,,,,
,,,,,,0.25,,,,,,,,,,,,,,,,,,,,,,,,,,,,,,,,,,,,,,,,,,,
,,,,,,,,,,,,0.7906,,,,,,,,,,,,,,,,,,,,,,,,,,,,,,,,,,,,,
,,,,,,-0.3919,,,,,,,,,,,,,,,,,,,,,,,,,,,,,,,,,,,,,,,,,,,
,,,,,,,,,,,,,,,,,,,,,,,,,,,,,,,,,,,,,,,,,,,,,0.4215,,,,
,,,,,,,,,,,,,0.5423,,,,,,,,,,,,,,,,,,,,,,,,,,,,,,,,,,,,
,,,,,,,,,,,-0.1027,,,,,,,,,,,,,,,-0.6908,,,,,,,,,,,,,,,,,,,,,,,
,,,,,,0.38634999999999997,,,,,,,,,,,,,0.4215,,,,,,,,,,,,,,,,,,,,,,,,,,,,,,
,,,,,,0.6285000000000001,,,,,,,,,,,,,,,,,,,,,,,,,,,,,,,,,,,,,,,,,,,
,,,,,,,,,,,,,,0.0,,,,,,,,,,,,,,,,,,,,,,,,,,,,,,,,,,,
,,,,,,0.5267,,,,,,,,,,,,,,,,,,,,,,,,,,,,,,,,,,,,,,,,,,,
,,,,,,,,,,,,,,,,,,0.6124,,,,,,,,,,,,,,,,,,,,,,,,,,,,,,,
,,-0.5267,,,-0.6124,-0.4588,,,,,,,,,,,,,,,,,,,,,,,,,,,,,,,,,,,,,,,,,,,
,,,,,,,,,,,,,,,,,,,,0.4574,,,,,,,,,,,,,,,,,,,,,,,,,,,,,
,,,,,,,,,,,,,0.5213,,,,,,,,,,,,,,,,,,,,,,,,,,,,,,,,,,,,
,,0.7269,,,,,,,,,,,,,,,,,,,,,,,,,,,,,,,,,,,,,,,,,,,,,,,
,,,,,,,,,,,,,,,,,,,,,,0.186,,,,,,,,,,,,,,,,,,,,,,,,,,,
,,,,,,,,,,,,,0.8083,,,,,,,,,,,,,,,,,,,,,,,,,0.8271,,,,,,,0.4939,,,,
,,,,0.625,,,,,,,,,0.5994,,,,,,,,,,,,,,,,,,,,,,,,,,,,,,,,,,,,
,,,,,,,,,,,,,,,,,,,,,,,,,,,,,-0.296,,,,,,,,,,,,,,,,,,,,
,,,,,,,,0.0,,,,,,,,,,,,,,,,,,,,,,,,,,,,,,,,,,,,,,,,,
,,,,,,,,,,,,,,,,,,0.2023,,,,,,,,,,,,,,,,,,,,,,,,,,,,,,,
,,,,,,,,,,,,,,,0.4215,,,0.0258,,,,,,,,,,,,,,,,,,,,0.1891,,,,,,,,,,,
,,,,,,,,,,,,,,-0.0772,,,,,,,,,,,,,,,,,,,,,,,,,,,,,,,,,,,
,,0.4215,,,,,,,,,,,,,,,,,,,,,,,,,,,,,,,,,,,,,,,,,,,,,,,
,,,,,,0.0,,,,,,,,,0.9256,,,,,,,,,,,,,,,,,,,,,,,,,,,,,,,,,,
,,,,,,,,,,,,-0.8147,,,,,,,,,,,,,,,,,,,,,,,,,,,,,,,,,,,,,
,,,,,,,,,,,,,,,,,,,,,,,,,,0.1779,,,,,,,,,,,,,,,,,,,,,,,
,,,,,,,,,,,0.3818,,,,,,,,,,,,,,,,,,,,,,,,,,,,,,,,,,,,,,
,,,,,,,,,,,,,0.4215,,,,,,,,,,,,,,,,,,,,,,,,,,,,,,,,,,,,
,,,,,,,,,,,0.6412,,,,,,,,,,,,,,,,,,,,,,,,,,,,,,,,,,,,,,
,,,,,,,,,,,,0.3565,,,,,,,,,,,,,,,,,,,,,,,,,,,,,,,,,,,,,
,,,,,,,,,,,,0.4857,,,-0.1531,,,,,,,-0.2023,,-0.5574,,,,,,,,,,,,,,,,,,,,,,,,,
,,-0.5859,,,,,,,,,,,,,,,,,,,,,,,,,,,,,,,,,,,,,,,,,,,,,,,
,,,,,,,,,,-0.9268,,,,,,,,,,,,,,,,,,,,,,,,,,,,,,,,,,,,,,,
,,,,,,0.5544,,,,,,,,,,,,,,,,,,,,,,,,,,,,,,,,,,,,,,,,,,,
,,,,,,-0.296,,,,,,,,,,,,,,,,,,,,,,,,,,,,,,,,,,,,,,,,,,,
,,,,,,,,,,,,,,,,,,,,,,,,,,,,,,,,,,,,0.0,,,,,,,,,,,,,
,-0.7171,,,,,0.8176,,,,,,,,,,,,,,,,,,,,,,,,,,,,,,,,,,,,,,,,,,,
,,,,,,,,,,,,,,,,,,-0.5418,,,,,,,,,,,,,,,,,,,,,,,,,,,,,,,
,,,,,,-0.7264,,,,,,,0.128,,,,,,,,,,,,,,,,,,,,,,,,,,,,,,,,,,,,
,,,,,,,-0.8519,,,,,,,,,,,,,,,,,,,,,,,,,,,,,,,,,,,,,,,,,,
,,,,,,,,,,,,,,,,,,,,,,,,,,,,,-0.4854,,,,,,,,,,,,,,,,,,,,
,,,,,,,,,,,,0.0857,,,,,,,,,,,,,,,,,,,,,,,,,,,,,,,,,,,,,
,,,,,0.5661,,-0.2263,-0.8807,,,,0.3071,-0.5207,-0.128,0.08786666666666669,,,,,,,,,,,,,,,,,,,,,,,0.3329666666666667,,,,,,,,,,,
,,0.41946666666666665,,,,0.2688,,,,,,,,,,,,,,,,,,,,,,,,,,,,,,,,,,,,,,,,,,,
,,,,-0.4039,,,,,,,,0.6808,,,,,,,,,,,,,,,,,,,,,,,,,,,,,,,,,,,,,
,,,,,,0.3582,,,,,-0.8504,0.6369,-0.5719,,,,,,0.0,,,,,,,,,,,,,-0.16419999999999998,,,,,,,,,,,,,,,,,
,,,,,,0.8271,,,,,,,,,,,,,,,,,0.7964,,,-0.2617,,,,,,0.24283333333333332,,,,,,,,,,,,,,,,,
,,,,,,,,,,,,,,,,,,,,,,,0.2732,,,,,,,,,,,,,,,,,,,,,,,,,,
,,,,,,,,,,,,,0.4019,,,,,,,,,,,,,,,,,,,,,,,,,,,,,,,,,,,,
,,,,,,0.0,,,,,,,,,,,,,,,,,,,,,,,,,,,,,,,,,,,,,,,,,,,
,,0.1828,,,,,,,,,,,,,,,,,,,,,,,,,,,,,,,,,,,,,,,,,,,,,,,
,,,,,,,,,,,,,,,,,,,,,,,-0.8625,,,,,,,,,,,,,,,,,,,,,,,,,,
,,,,0.6486,,,,,,,,,,,,,,,,,,,,,,,,,0.798,,,,,,,,,,,,,,,,,,,,
,,0.7579,,,,0.0516,,,,,,,,,,,,,,,,,,,,0.6124,,,,,,,,,,,,,,,,,,,,,,,
,,,,,,,,,,,0.2516,-0.1027,,,,,,,,,,,,,,,,,,,,,,,,,,,,,,,,,,,,,
,,-0.8430500000000001,,,0.5026666666666667,0.2714857142857143,0.11642500000000001,,,,,0.2134,0.34277142857142856,0.4618,,,,,,,,,,-0.8689,,0.6106,,,,,,0.0,,,,,,0.3612,,,,,,,,,,,
,,,,,,,,,,,0.45786666666666664,,0.0,,,,,0.6436,0.26695,,,,,-0.2292,,0.12097499999999999,,,,,,,,,,,,,,,,,,,,,,,
,,,,,,,,,,,,0.6486,-0.6283,,,,,,,,,,0.04972500000000002,,,,,,,,,,,,,,,,,,,,,,,,,,
,,-0.16329999999999997,,,,0.0644,-0.6643,,,,,,-0.3929,,,,,,,,,,0.6249,,,,,,,,,,,,,,,,,,,,,,,,,,
,,,,,,,-0.8442,,,,,,,,0.6908,,,,,,,,0.3407,,,,,,,,,0.168625,,,,,,,,,,,,,,,,,
,,,,,,-0.5256,,,,,-0.3535,,,-0.9259,,,,,,,,,,,,,,,,,,0.2732,,,,,,,,,,,,,,,,,
,,,,,,,,,,,,,,,,,,,,,,,,,,0.8533,,,,,,,,,,,,,,,,,-0.5994,,,,,,
,,,-0.4019,,,,0.7269,,,,,,,,,,,,,,,,,,,,,,,,,,,,,,,,,,,,,,,,,,
,,,,,,,,0.7506,,,,,0.0,,,,,,,,,,,-0.8577,,,,,,,,,,,,,,,,,,,,,,,,,
,,,,,,,,,,,,,,,,,,,,,,-0.4215,,,,,,,,,,,,,,,,,,,,,,,,,,,
,,-0.6407,,,,,,,,,,,,,,,,,,,,,,-0.8225,,0.0,,,,,,,,,,,,,,,,,,,,,,,
,,,,,,,,,,,,,,,,,,,,,,,,,,,,-0.351,,,,,,,,,,,,,,,,,,,,,
,,,,,,,,,,,,,,,,,,,,,,,,,,0.6249,,,,,,,,,,,,,,,,,,,,,,,
,,,,,,,,,,0.3964,,,,,,,,,,,,,,,,,,,,,,,,,,,,,,,,,,,,,,,
,,,,,,,,,,0.926,,,,,,,,,,,,,,,,,,,,,,,,,,,,,,,,,,,,,,,
,,0.4339,,,,,,,,,,,,,,,,,,,,,,,,,,,,,,,,,,,,,,,,,,,,,,,
,,,,,,,,,,,,,0.6249,,,,,,,,,,,,,,,,,,,,,,,,,,,,,,,,,,,,
,,,,,,,,,,,,-0.1779,,,,,,,,,,,-0.5994,,,,,,,,,,,,,,,,,,,,,,,,,,
,,,,,,,,,,,,,,,,,,,,,,,-0.35015,,,,,,,,,,,,,,,,,,,,,,,,,,
,,,,,,,,,,,,,-0.5994,,,,,,,,,,,,,,,,,,,,,,,,,,,,,,,,,,,,
,,,-0.4215,,,,,,,,-0.694,,,,,,,,,,,,,,,,,,,,,,,,,,,,,,,,,,,,,,
,,,,,,0.0,,,,,,,,,0.6705,,,,,,,,,,,,,,,,,,,,,,,,,,,,,,,,,,
,,,,,,,,,,,,,,,0.0,,,,,,,,,,,,,,,,,,,,,,,,,,,,,,,,,,
,,,,,,,,,,,,,,,,,,,,,,,-0.21075,,,,,,,,,,,,,,,,,,,,,,,,,,
,,,,,,,,,,,,,,,,,,,,,,,-0.1531,,,,,,,,,,,,,,,,,,,,,,,,,,
,,,,,,,,0.0,,,,,,,,,,,,,,,-0.2488,,,,,,,,,,,,,,,,,,,,,,,,,,
,,,,,0.2263,,,,,,,,0.809,,,,,,,,,,,,,,,,,,,,,,,,,,,,,,,,,,,,
,,,,,,0.8481,,,,,,,,,,,,,,,,,,,,,,,,,,,,,,,,,,,,,,,,,,,
,,,,,,,,,,,,,,,-0.0418,,,,,,,,,,,,,,,,,,,,,,,,,,,,,,,,,,
,,,,,,,-0.5898,,,,,,0.138,-0.3678,,,,,,,,,,,,,,,,,,,,,,,,,,,,,,,,,,,
,,,,,,,,,,,,,0.9153,,,,,,,,,,,,,,,,,,,,,,,,,,,,,,,,,,,,
,,,,,,,,,,,,,,,,,,,,,,,,,,-0.0772,,0.6718,,,,,,,,,,,,,,,,,,,,,
,,,,,,0.4005,0.9432,,,,,,,,,,,,,,,,,,,,,,,,,,,,,,,,,,,,,,,,,,
,,,,,,,,,,,,,,,,,,,,,,-0.5719,,,,,,,,,,,,,,,,,,,,,,,,,,,
,,,,,,,,,,,,,,,,,,,,,,,0.7269,,,,,,,,,,,,,,,,,,,,,,,,,,
,,,,,,,,,,,,,0.8176,,,,,,,,,,,,,,,,,,,,,,,,,,,,,,,,,,,,
,,-0.0781,,,,-0.6129,,,,,,,,,,,,,,,,,,,,,,,,,,,,,,,,,,,,,,,,,,,
,,,,,,,,,,,,,,,,-0.2272,,,,,,,,,,,,,,,,,,,,,,,,,,,,,,,,,
,,,,,,,,,,,,,,,0.8842,,,,,,,,,,,0.2393,,,,,,,,,,,,,,,,,,,,,,,
,,,,,,,,,,,,,,,,,,,,,,,,,,,,,,,,,,,,,,,,,,,-0.9208,,,,,,
,,,,,,,,,,,,0.802,,,,,,,,,,,,,,,,,,,,,,,,,,,,,,,,,,,,,
,,,,,,,,,,,,,,,,,,,,,,,,,,,,,,,,,,,,,,,,,,,,,,-0.6808,,,
,,,,,,,,,,,,,,,,,,,,,-0.7835,,,,,,,,,,,,,,,,,,,,,,,,,,,,
,,,,,,0.1655,,,,,,,,,,,,,,,,,,,,,,,,,,,,,,,,,,,,,,,,,,,
,,,,,,,,,,,,,-0.5267,,,,,,,,,,,,,,,,,,,,,,,,,,,,,,,,,,,,
,,,,,,,,,,,,,,,,,,,,,,,-0.8442,,,,,,,,,,,,,,,,,,,,,,,,,,
,,,,,,,,,,,,,0.0,,,,,,0.234,,,,,-0.5994,,0.0,,,,,,,,,,0.5067,,,,,,,,,,,,,
,,,0.802,,,,0.6757,,,,,0.6249,,,,,,,,,,,,,,,,,,,,,,,,-0.4657,,,,,,,,,,,,,
,,,,,,-0.5859,,,,,,,0.1484,,,,,,,,,,,,,0.7701,,,,,,,,,,,,,,,,,,,,,,,
,,0.4019,,,,,,,0.4423,,,,-0.25220000000000004,,,,,,,,,,,,,,,,,,,,,,,,,,,,,,,,,,,,
,,,,-0.2732,,,,,,,,0.4184,0.1531,,,,,,,,,,,,,,,,,,,,,,,,,,,,,,,,,,,,
,,,,,,,,,,,,,,,,,,,,,,,,,0.25,,,,,,,,,,,,,,,,,,,,,,,,
,,-0.5848,,-0.296,,-0.41502,-0.3943,-0.14435,,,,,,0.0,,,,,,,,,0.7479,-0.2289,,0.9098,,0.2157,,,,,,,,,,,,,,,,,,0.7506,,,
,,,,,,0.875,,,,,0.4329,-0.5709,0.2732,0.5574,,,,,,,,,,,,,,,,,,,,,,,,,,,,,,,,,,,
,,,,,,,,,,,,,,,,,,,,,,,,,,,,,,,,,,,,-0.7124,,,,,,,,,,,,,
,,,,,,,-0.5987,,,,,,,,,,,,,,,,,,,,,,,,,,,,,,,,,,,,,,,,,,
,,,,,,,,,,,,0.1877,,,,,,,,,,,,,,,,,,,,,,,,,,,,,,,,,,,,,
,,,,,,,,,,,,,0.0,,,,,,,,,,,,,,,,,,,,,,,,,,,,,,,,,,,,
,,,,,,,-0.8984,,,,,,,,,,,,,,,,,,,,,,,,,,,,,,,,,,,,,,,,,,
,,,,,,,,,,,,,,,0.6908,,,,,,,,,,,,,,,,,,,,,,,,,,,,,,,,,,
,,,,,,,,,,,,,0.3352,,,,,,-0.1222,,,,,,,,,,,,,,,,,,,,,,,,,,,,,,
,,,,,,-0.6124,,,,,-0.277,,-0.5562,,,,,,,,,,,,,,,,,,,,,,,,,,,,,,,,,,,,
,,,,,,,,,,0.3998,0.1591,,-0.11950000000000002,,0.34,,,,,,,,,,,0.765,,,,,,,,,,,,,,,,,,,,,,,
,,,,,,,,,,,,,,,,,,,,,,,,,,,,,,,0.7227,,,,,,,,,,,,,,,,,,
,,,,0.6705,,,,,,,,,,,,,,,,,,,,,,,,-0.6635,,,,,0.34,,,,,,,,,,,,,,,,
,,,0.0,,,0.0772,,,,,,,,,,,,,,,,,,,,-0.4503,,,,,,,,,,,,,,,,,,,,,,,
,,,,,,,,,,,,-0.6641,,,,,,,,,,,,,,,,,,,,,,,,,,,,,,,,,,,,,
,,,,0.394,,,0.1935,,,,,,,,,,,,,,,,,,,,,,,,,,,,,,,,,,,,,,,,,,
,,,,,,,,,,,,,,0.2263,,,,,,,,,,,,,,,,,,,,,,,,,,,,,,,,,,,
,,,,,,,,,,,,,,,,,,,,,,,,,,,,,,0.6626,,,,,,,,,,,,,,,,,,,
,,,,,-0.7783,0.4585,,,,,,,,-0.4522,,,,,,,,,,,,,,,,,,,,,,,,,,,,,,,,,,,
,,0.0,,,,-0.08426666666666667,,,,,0.4291,,,,,,,,,,,,,,,,,-0.2023,,,,,,,,,,,,,,,,,,,,,
