Community,Average Degree Centrality,Node Count,Community Description
0,0.000680398937854,489,"@kevfeige @disneystudios | @edzofpain @wakristina @marvel @theblackpanther ya its so | king &amp | @jenniferrcarey | @chiefwakil | @transformers @rajcomics | america | wakanda | shang chi | #stanlee | https://t.co/olsnvebymt mateo's | @kvng__drizzy @baller_kamasi @jpemberton15 @ekie0 | c. evans | shorty | williamhurt | superman | bringbackbettyross | daniel radcliffe | https://t.co/c1gitzhzok @lengua_boi | roland williams | chadwick bosman | @marveluk | china | @zoesaldana | ben | loki | christopher | christopher reeve's | @laughatbrad @robertdowneyjr rdjs personal | jackierobinson https://t.co/7zrhaakbx3 | robert downey jr | tim | the moon knight | delhi | @dylanfrayne @voodoosev | peggy @marvel @marvelheaux | bruce banner | stan lee | @thecableng @chadwickboseman @theblackpanther | stark &amp | letitia wright | god | ross @kevfeige | nope | william | george prez | @kevfeige | @marvel @guldaar @marvel | lucas | @iamkingatn @rooneym4r4 | https://t.co/d6wbgpdagg | loki's | simu li | @henryboy111 | chadwick boseman | stan | @casademayor | norman | betty ross | annuel | https://t.co/mvvzw9hvsi abe | @marvelstudiosca | paul | ford | kevin feige | @emansreviews | gon | @therealstanlee | mahershala ali | sandiegocomiccon2022 | restinpeace chadwick boseman | the @basil19861 @bahamutifa @starwars @marvel | mike pasciullo | https://t.co/fl3dbkj4qa wakanda | chadwick bozeman | scott summers voice actor | chris | @kevfeige &amp | @turtleshell412 @bahamutifa @starwars @marvel | @bobmarley @theblackpanther | disney | @acm_1030 @theblackpanther | @theartjedi | james bond | karla sofen | recasttchalla | t'challa | kamala khan | @robertiger @vanlathan @jemelehill @drjasonjohnson | bruce wayne | george perez | rip  @therealstanlee | https://t.co/zcoqdosfiq chadwick boseman | @gaspardulliel | @attorneycherika | @valiantcomics &amp | ripstanlee | chadwick | disney @kevfeige | steve | @nicholassbirch @ekie0 @uravgconsumer | @marvel @spongebob https://t.co/93ylqykqai | @jpalmiotti | @moonknight | @chadwickboseman | @chaotic_quinn | @chadwickboseman, &amp | mark hamil | un | https://t.co/kjaefpzjov @wick014 | comicbooks | https://t.co/73fzh16dox | christopher reeve | chala | boseman | @lordchickenhawk @memo33x | greg | thor1 | https://t.co/l16dswwsuu | walt disney studios | sharon ventura | @kevfeige @theblackpanther | @officialvystar | https://t.co/bxpgzzhsut | @skydance | @avachoolie @lynxkitsoni | panther  &amp | steve lightle | chris evans | @marveluk @thedenofnerds | https://t.co/pi35yf0yos @atlblerd2 | harrison | @thunderboltross | the king @ws_wolfstar | @robertdowneyjr | https://t.co/uzpxmgdblz @marvel | https://t.co/caq8qqruwx | @eon1eno @thedenofnerds @drstrange | @theblackpanther | new york city | neal | @marvel @theblackpanther | kevin | @eon1eno | sony | ryan coogler | @thatashleyerin | chadwickboseman | @marvel | charles | shuri | @amitdivecha1 | finn jones | forever missed &amp | crown shuri | clark kent | @jazzlandia | https://t.co/sgyt1gvgmb @anarki1112 @dmcnairn76 @battinsonbatman | morbius | dheeraj verma | kingvalkyrie | mos &amp | @emansreviews @ekhampton @gracerandolph | @tonyapendleton"
1,0.0008006665923981,438,https://t.co/5gy6rh7rkh | mlb | george floyd | bill @chadwickboseman | wakanda chad | https://t.co/0w58nlex0e | blackpanther | wakanda | @naija_pr | https://t.co/qovi9dibbq | jazzybwalker1033 | https://t.co/kswvhktj7l | @variety | @chadwickboseman haze | @theeejay | u t - chala | @chadwickboseman https://t.co/qovhufuvy2 | chadwick chadwick boseman | https://t.co/xz8nhh6vdu woken | jack kirby's | rip  https://t.co/vuo4qguvbo | memang suka bgt | boston | t'challa @chadwickboseman | nooooo | elizabeth | rip @chadwickboseman   | nooo | https://t.co/5znmneon7n | osisi adaala n'obodo | @chadwickboseman king  t'challa | formula1 | @chadwickboseman holy | wakanda @marnz33579875 | james brown &amp | jack kirbys | panther | @lewishamilton | https://t.co/ckewggqjsv | los angeles | restinpower @chadwickboseman | chadwick boseman | t'challa ... | https://t.co/4fhak96wte | man am | kindest | https://t.co/tzi2pivroy | mtvvma | macdonald | https://t.co/ydslc7eifp | https://t.co/b5m4hoxvhh @lewishamilton | rih chadwick boseman | @chadwickboseman https://t.co/kfqqncnhwn | @abc | https://t.co/tggkkovguw | @chadwickboseman   | sec | chadwick wakanda | r.i.p @chadwickboseman | r.i.p chadwick boseman | https://t.co/pd82oc6irx @chadwickboseman | @kevfeige &amp | fuck2020 | jack | lincoln | chadwickbozeman | t'challa | thatfilmydude https://t.co/cqgerwfoex | angelou | superstar rajinikanth | abc | @chadwickboseman https://t.co/jbhzvme27f | @chadwickboseman https://t.co/osdmehwxpq | @sheiners | jackierobinson @ | @chadwickboseman https://t.co/omejisfjyv | chadwick | blackpanther  https://t.co/ebllqudrmx r.i.p @chadwickboseman | @dereckapurnell @brianparticelli | kaala | jackierobinsonday2020 | https://t.co/lh7arfogdr chadwick boseman | @chadwickboseman | hollywood https://t.co/chb4zktyuj | african|ns | jackkirbyart | chadwick boseman @chadwickboseman | jackierobinson &amp | rip chadwick | jackie robinson | jackierobinson | @bosemanfnd | wakanda forever | https://t.co/chn6hdftm4 | u.s. | |kendrick lamar | corona virus | james brown | topgunmaverick | jamesbrown | https://t.co/25rmnobumk @chadwickboseman | sama black panther kan | rip @chadwickboseman | @chadwickboseman https://t.co/mvojcofpto | rip king | omg @chadwickboseman | kingamongstmen | restinpeacechadwickboseman | india | tedwinn https://t.co/gmeefa7nph | https://t.co/d0aj3z68qx | bbc news - chadwick | bbc | @theblackpanther | ripchadwickbosman | superhero | andy lazy | @joshgad @jhaletweets | king!!!!l | damn... | lewis hamilton | https://t.co/k4n0pxo6un @chadwickboseman | chadwickboseman | @chrissamson | jack kirby | https://t.co/ftpvpi85aw | https://t.co/sjwgakgcia | shuri | https://t.co/64vbgdxqq4 | 2k20 @chadwickboseman | chadwickforever @chadwickboseman jamesbrown | thurgood marshall | @chadwickboseman wakanda forever | wakandaforever @chadwickboseman | https://t.co/xyrdtpigoj r.i.p | @ap https://t.co/lq3dxbnriw @theperezhilton | kingtchalla | dia xnk | https://t.co/dqh05pxkhe rip king | chadwick https://t.co/srikxulq0r | https://t.co/e7uklw0zcm
2,0.0007202059241951,313,chris hemsworth | @mastertainment | woow | james bond | character+black | t'challa | https://t.co/qzjkgqmtuv @ericamusic_96 | @franklioceanic | https://t.co/r3g5aoxf7q | monica | @senpaishinobi1 | wakanda | martin | @11masonman11 | leave t'challa | kevin fiege | @johnslpaul | @damunroe @yuhdunknoeh @mossmann42 @mmoyer92 @bc42766710b | chadwick | robert pattinson | @thegicker @jemelehill | netflix | chadwick boseman | steve | @quintinlamarr @db44143189 @renzothesaint @bpanthernews | @quintinlamarr @fjlightning007 | kevin | @woodstock_tv | @evibbles666 | organic &amp | tom holland | chadwickboseman | joaquin phoenix | joker | jack kirby | @emansreviews | @skane2600 @__coleturner | shuri | boseman | panther &amp | jack nicolson | not.2/2 @dood_anon | tony  &amp | chris evans &amp | @gunnermanafc | @johnslpaul @brodie9992 marvel | wakanda forever | https://t.co/ped1heh7re | robert downey jr | @kylorenv2 @theafrotoad @bc42766710b @variety | mar-vell | stan lee | @leiiaaorgana
3,0.000638687758596,256,@johnnyalucard @thr kirby | wha wha wha | @cosmicwonderyt @thr | disney's | @nkanyezi_iv | @netflix @thr @latimesmovies | @netflix netflix | chadwick boseman's | https://t.co/oiioyzkawx @mr_arizona2424 @thr | @twosevenfs @damleo86 @iot_apprentice @ymdnny @culturecrave @thedirect | shang chi | henry ford | https://t.co/9du3zcak5h | @ethankleinman | @robertdowneyjr | panther fan &amp | @omniplexcinema | @frexerpw | @sanemjfan | chadwick | @netflix | netflix | chadwick boseman | stan | | https://t.co/pvscfjgl7k | @chrishemsworth | kevin | moon knight | sony | us | fox | @deadline https://t.co/tqvfgxy1vt @thr @chrisevans | chadwickboseman | harrison ford | hoodwink disney | @kyle_castorena | ford | shuri | loki | disney merge | @polarbrosteven @boopbopbeep51 | @charlieoliver | william hurt | @geeksofcolor @geektomeradio @teamjdf | https://t.co/ardoz36hg9 @damleo86 | wakanda forever | @ironninja013 @newprreunion30 @marvel_mmo | https://t.co/djcxmangga | @callme_scooby | stan lee | @samuelljackson | christopher nolan
4,0.0006838773133664,179,chadwick boseman's | @marvel_tv | america | wakanda | tchalla | loomis | shang chi | godzilla vs kong | chadwick | reg e. cathey | cuc | netflix | s | chadwick boseman | steve | sam wilson | @_dylan_1999 @killava49 @busted_babe @mcu_direct | https://t.co/k3lai3psry @rwby_fan10000 @mcu_direct | chadwickboseman | @rwby_fan10000 @thr | @spiderman3news | shuri | brian o'conner | livia soprano | wakanda forever | @therealchrisemu
5,0.0006481965867517,81,t'challa | @jjm__56 @afathersbastard @seanwel33239440 @seohoops @moses091115 | america | @hawttoys | ditko | bruce lee | @discussingfilm | chadwick | lee. | disney &amp | @igorcio147 @tri_state26 | chadwick boseman | steve | stan | sony | @matthewacherry | t'challa people | @believeinfed | m'baku | jack kirby | overtake shang-chi | china | shuri | steve ditko | https://t.co/pyicnndhzm @ghost0nee | rip chadwick | https://t.co/xn7owvboej | @directorsmiso | oscars2023 | joe simon... | wakanda forever | stan lee | ross
6,0.0005902391641275,73,new hawkeye | william hurt | @statefromharlem | @toxicwandastann @gomezinthewoods @wandaspu55y | @jakeasherboi | ross | chadwick | @cortland_g @mpjgame @time17prime | @multifandomsssx | peter parker | shuri | chadwick boseman | stan lee | @darthmongral
7,0.0005913721695294,69,johncygan | @sirpatstew @cityofboston | @usa @therealstanlee | https://t.co/5tslur8msm | @marvel @diablo @ravensoftware @playstation | kellypreston @victorodds6 | kathleen | relatedto stan | @qikipedia | @zoemode @xmenmovies @itsthewolverine | @goldenglobes @rosedor @sagawards @channel4 | @bobdylan @luckyman | queenelizabethii | @victorodds6 | @skymax_tv | @therealstanlee
8,0.0005597199205417,52,@maliquearrowve1 | fmarvel | @gamingpop | @chestereugene @thecybercorgi @nullpointer99 | william hurt | thunderbolt ross | @batmanrobinson @baqer_fox @therealsupes | william | ford | @ronvinke | chris evens | richard donner | shuri | @deadline | god
9,0.000770438008275,40,@bkennedybarbara @swcrisis @10mm_404 | @rozjonez @insane_voice @goodcollie @mugger124
10,0.0006685282188206,35,sony | @theslick001 @roundrobinrick | daniel radcliffe | @lukesweenz @gangsterenieb | gamora &amp | natasha | @theslick001 @damleo86 @mcu_direct | chadwick boseman
11,0.0006126576754257,34,@damian28581641 @dianasp1984 | va | rocky | jerry judge
12,0.0005706948209444,31,@crystaldynamics | wakanda forever | iam | shuri | kinda | https://t.co/slf0qwbsar | wakanda
13,0.0009892043563037,30,https://t.co/aitnsmheyz via | @youtube r.i.p chadwick boseman | america | https://t.co/bwr5qxiiou | https://t.co/nhxmau6cxt | raffaella carr - rumore - chile | https://t.co/dbchorcckb | | rip chadwick | chadwick boseman's | blackpanther | chadwick boseman black panther | chadwick boseman | kendrick lamar | ripchadwickboseman r.i.p chadwick boseman
14,0.0005706948209444,30,marvelxfortnite | @ceoadam @pubg | sun | @shwyien | cleveland | t'challa | chadwick | shuri | @abs0lutezero @paulbai09507894 | chadwick boseman | steve
15,0.0006297322162146,29,jackie robinson | thurgood marshall | chadwick bozeman | blackpanther | shuri | chadwick boseman | james brown | wakanda foreverr
16,0.0005808857998899,28,sony | india | richard donnor | wolf | @vaughnsmarsh | chadwick | @realscreengeek | shuri | netflix | starz
17,0.000644673779215,27,@stevenstrugglin | jesus | restorethesnyderverse | @consiglierematt | t.l. | texas
18,0.0005478670281067,25,jackie robinson | thurgood marshall | @realdonaldtrump chadwick boseman's | chadwickboseman | bidenharris2020tosaveamerica | @theleegreenwood chadwick boseman's | @realdonaldtrump | chadwick boseman's | @kelleyashbypaul @politico | chadwick boseman | @mighty_flynn | james brown
19,0.0005469158700718,24,ltuhura | @nrosenberg012 @kkabrokwa87 @fightypnw @awsomeboy360 | nichellenichols | ironman | chadwickboseman | right &amp | chadwick | shuri | chadwick boseman
20,0.0006699460941522,23,https://t.co/ypk2xq8mcq | socialmedia | https://t.co/o4zhq7lwv4 | https://t.co/9yyops14ma | https://t.co/fyh0fxvtk1 | black panther &amp | linkeddta | chadwick boseman  star | @chadboseman | @joybhattacharj | chadwick boseman
21,0.0005447541472652,22,chadwickboseman | blackpanther | stan lee | 42 &amp | https://t.co/ocubbpjirq @wildandcosy | @burnettrm @burnettrm
22,0.0005435188770899,21,https://t.co/dgmztjzv9d @emmafuhrmann rip | @prattprattpratt | chris | chadwick boseman | @spidermansweb
23,0.0005706948209444,20,@itswinsomegrace | chadwick | disney and/or marvel | wakanda forever
24,0.0005849621914681,20,chadwick boseman | chadwick
25,0.0005564274504208,20,chadwick boseman | @dynamitepjm @btschartdata chadwick boseman | @v_jooniee @mintyoongem @fliorax @btschartdata chadwick boseman
26,0.0005406582514211,19,moon knight | haydenchristensen | @nathanielhardy | chadwick | hayden christensen | @theandyharris @dillosdiz
27,0.0005371245373595,17,brian patrick | @jamesgunn @davebautista | @in_the_wind9 @jamesgunn @smarvel19 @shaunblake1 | djimon hounsou | @marvel_nick89 @lucidjerah @jamesgunn @vrinkles @marcobotello12 @itsnhutle | jason momoa | chadwick boseman
28,0.0005706948209444,17,chadwick boseman | chadwickboseman
29,0.0005371245373595,17,sony | @tmayc1 @drorjmd @sirkthegod55 | @rrd49196495 | phil | xbox | @satyanadella
30,0.0005371245373595,17,eddie
31,0.0005350263946354,16,"navy | @dissonanceinc @nerdrotics | @nerdrotics @thecriticaldri2 @topgunmovie 

https://t.co/key2wnbnql"
32,0.0007038569458315,15,harry | @merrickn_jr
33,0.0005326484995481,15,
34,0.0005706948209444,15,jackie robinson | @mlb jackie robinson day | thurgood marshall | ripchadwick  @mlb | nooo | marshall | chadwick bozeman | https://t.co/n5tsfo0mu6 | chadwick boseman | @mlb
35,0.0005326484995481,15,@msemon89 | tom holland | @darklight323 @_assisteagora | chadwick | @darklight323 @_assisteagora @nativebrony_91 1 | @nativebrony_91 @darklight323 | @darklight323 @_assisteagora @nativebrony_91
36,0.0005299309051627,14,@eavoss | williams | wakanda | @parsaafroboy
37,0.0008152783156349,14,@800hertz
38,0.0005910767788353,14,disney's | jack curby | @muddude4 @the_moviebob @bubblervolution | jack kirby | stan lee
39,0.0005706948209444,14,chadwick boseman | @bangtanindia
40,0.0005267952193333,13,@tykpz | @wolfplayz | chadwick
41,0.00059264462175,13,tomseaver | @danygarciaco | wrexham | wrexham and/or marvel | stan lee
42,0.0005267952193333,13,america | chris hemsworth died | blackpanther2 | lgbt | tom holland | lesbian | shuri | chadwick boseman | @nasescobar316
43,0.0005487450201389,13,@fayettevillaint | tony stark | @scooby_rell | charcs &amp | chadwick | shuri | cassie lang
44,0.0005231369191991,12,
45,0.0005231369191991,12,@taetaelyz | @armymoonlightt
46,0.0005469158700718,12,jackie chans | shang-chi | chadwick | chadwick boseman | credits#shang | @zackscott
47,0.0005231369191991,12,@buse_chris @therealalmega @deevelliott @skeezix161
48,0.0005188134735859,11,
49,0.0005188134735859,11,@chiney321 | @dougbrownbusa @cnn cnn | @victorblackwell | chadwickboseman
50,0.0005447541472652,11,chadwick boseman
51,0.000622576168303,11,jackie robinson | @chadwickboseman | marshall | https://t.co/y0ma0iv9ll sad news | james brown
52,0.0005188134735859,11,
53,0.0005188134735859,11,sam wilson | america | steve | @phasezerocb
54,0.0005706948209444,11,@poorlyagedstuff
55,0.0005188134735859,11,chadwick boseman
56,0.0006277643030389,10,stan lee | ditko | @beardedchrisp @chaosknightsvw @reedreads4 @biomega8 @sammasgamesyt @annecomics @jandrojuan94 @theuncannyburt @comicbookbob1 | warnermedia
57,0.00051362533885,10,hai stan lee ke | @ashchanchlani ashish | jessica | hai isliye sabko | hai
58,0.00051362533885,10,https://t.co/abmtz8xneg | @nicklein @humberto_ramos @jock4twenty
59,0.0005992295619917,10,@clonewarswords | @sumaleedotcom
60,0.00051362533885,10,me.if | chadwick boseman | stan lee | black panther &amp
61,0.0006848337851334,10,chadwick | @st0nehwut
62,0.00051362533885,10,@serpolnbewildin
63,0.00051362533885,10,@mrniceguy513 | shuri
64,0.00051362533885,10,@clearxclouds
65,0.00051362533885,10,chadwick boseman
66,0.00051362533885,10,@steppiepeppie
67,0.000507284285284,9,wanda
68,0.000507284285284,9,
69,0.000507284285284,9,@adrianwerner | ben affleck | @avggutsenjoyer
70,0.0006975158922654,9,@agentm  i | chadwick boseman
71,0.000507284285284,9,@khalillamarr | lewis hamilton | @sopealuko | lewishamilton https://t.co/xli9cayyhc | chadwick boseman
72,0.000507284285284,9,chadwick boseman | https://t.co/wds2pyvvj7
73,0.0005389895531142,9,@aaronnatahimik @jacksfilms chadwick boseman | @jacksfilms chadwick boseman
74,0.0004993579683264,8,@elbethium @durmanx1 | @chel_gg | superboy alpha | kon el | spider guard | ben
75,0.0006420316735625,8,@joeyquart | @adambarnhardt | zeus | @littleorpan
76,0.0004993579683264,8,patrick boseman
77,0.0004993579683264,8,
78,0.0006777000998715,8,wakanda
79,0.0004993579683264,8,chadwick boseman | @elmajoh
80,0.0006420316735625,8,poppop | @trymainelee | chadwickboseman | rip chadwick
81,0.0005706948209444,8,@marvel_ffightus | @cynicalexx
82,0.0004993579683264,8,@howardu | @dmgraymd | chadwickboseman | heres boseman
83,0.0004993579683264,8,chadwick boseman | america | stan lee | washington
84,0.0005350263946354,8,@historyofthebatman | george prez | chadwick | jack kirby | @withregram
85,0.0004993579683264,8,
86,0.0004993579683264,8,chadwick boseman | stan lee | richard harris
87,0.0004993579683264,8,@orwellngoode | stan lee
88,0.0004993579683264,8,chadwick boseman
89,0.000978333978762,7,stan lee
90,0.000489166989381,7,ford | albina w/@vanportmosaic &amp | @ppsconnect
91,0.0005299309051627,7,@watchxbtv @bobhessjr @mikepuype | arizona
92,0.0005299309051627,7,@heelmodephoenix
93,0.000489166989381,7,@narvesenconnie
94,0.000489166989381,7,@mechtexas | denis | @briandcolwell | https://t.co/iphoiuusxy
95,0.000489166989381,7,@hiroyabigwin
96,0.0005706948209444,7,https://t.co/qctqbpsmar | wakanda forever
97,0.000489166989381,7,
98,0.000489166989381,7,chadwick boseman | woozi
99,0.000489166989381,7,
100,0.000489166989381,7,chadwick boseman
101,0.000489166989381,7,chadwick bowman
102,0.0005706948209444,7,t'challa | @chickfila
103,0.0005706948209444,7,@wsdot | chadwick boseman
104,0.000489166989381,7,chadwickboseman
105,0.0005299309051627,7,@sterlingkbrown | boseman
106,0.000489166989381,7,
107,0.000489166989381,7,adam west | lewis wilson
108,0.000489166989381,7,"@thatstarwarsgrl 

https://t.co/duj7mmff6n https://t.co/7w6glgoasr | america | kevin smith | wilf"
109,0.000489166989381,7,@gimmayyyyyy
110,0.000489166989381,7,scott lang | @seeknay
111,0.000489166989381,7,
112,0.000489166989381,7,jack kirby's
113,0.000489166989381,7,george perez | stan lee
114,0.000489166989381,7,un | stan lee | christopher
115,0.000489166989381,7,
116,0.000489166989381,7,@detrainalexis @dccomics_fr | james bond | @neoaxi | un | tait bien | ben c'tait le chapitre de trop | ben
117,0.000489166989381,7,michael keaton
118,0.0005706948209444,7,carl bathelt sr. | massachusetts
119,0.000489166989381,7,@jessehawken
120,0.000489166989381,7,chadwick
121,0.000489166989381,7,stan lee | ps
122,0.0005299309051627,7,stan lee | @cyanide1124 @comcodycc2224 @aniqrahman | steve ditko
123,0.000489166989381,7,stan lee | @akicarlhardin | @justinbaragona
124,0.0004755790174537,6,@antonystarr | @remiskaza
125,0.0005231369191991,6,t'challa
126,0.0004755790174537,6,
127,0.0004755790174537,6,@danersmcguinn | @mannexclusiv @ava | jack kirbys | stan lee
128,0.0005231369191991,6,@keemstar | @churchonahill
129,0.0005231369191991,6,jackie robinson
130,0.0004755790174537,6,bbc news | @shaunley | chadwick | chadwick benson
131,0.0004755790174537,6,wakanda forever
132,0.0004755790174537,6,chadwick boseman | @serenasdress
133,0.0004755790174537,6,blackpanther | chadwickboseman
134,0.0004755790174537,6,@yeeyee869 @y_killz @_marlanderthews | shuri
135,0.0005706948209444,6,@kolbiashi @joebiden | joe biden | @joebiden
136,0.0004755790174537,6,@aliyahsimonee chadwick boseman | @papicheeserolls @aliyahsimonee chadwick boseman
137,0.0005231369191991,6,@grizzlyprxd
138,0.0004755790174537,6,chadwick boseman | https://t.co/um8ieruprn | @sbaxterson @prez | @prez
139,0.0005231369191991,6,@leiahuttslayer
140,0.0004755790174537,6,jordan | chadwick bozeman | @dojaszick
141,0.0004755790174537,6,https://t.co/fabkhhe1jj | @afncwoodward
142,0.0004755790174537,6,@gategab | jackie chan | brad allan
143,0.0004755790174537,6,"@theblackpanther

@karmajulio1 | https://t.co/ofxweiqhmw | wakanda forever"
144,0.0004755790174537,6,@pagetpaget
145,0.0004755790174537,6,@livingscribe
146,0.0004755790174537,6,pakistan
147,0.0004755790174537,6,
148,0.0004755790174537,6,chadwick boseman | @daviddtss shuri
149,0.0004755790174537,6,iran
150,0.0004755790174537,6,stark | parker &amp
151,0.0004755790174537,6,@angleehulkstan @venkshen | falcon
152,0.0004755790174537,6,
153,0.0004755790174537,6,sony | microsoft | xbox
154,0.0004755790174537,6,stan
155,0.0004755790174537,6,sony | para el futuro | la secuela | xbox | @aydenstonex perdon? | jajajaja la secuela ya no va tener
156,0.0004755790174537,6,@machala https://t.co/3qsl1rn820
157,0.0004755790174537,6,stan
158,0.0004755790174537,6,cnn | @90slatinreina @aperson728 @chron | stan lee | anthony bourdain
159,0.0004755790174537,6,@isoskramer | chadwick boseman | comedy korg
160,0.0004755790174537,6,wu | kevin feige | @crusty783
161,0.0004755790174537,6,
162,0.0004755790174537,6,t'challa | chadwick | @thecomixkid
163,0.0004755790174537,6,@uncannythomas | america | wakanda | @edzofpain
164,0.0005231369191991,6,chadwick | @virgoavenger | shuri
165,0.0004755790174537,6,@slapwa2
166,0.0004755790174537,6,microsoft | japan
167,0.0004755790174537,6,
168,0.0004755790174537,6,
169,0.0004755790174537,6,@ronnoconiv @scooty234 | @cramptv @kidnoah
170,0.0004755790174537,6,mar-vell | @bkh511 @sakunigg @bradybones
171,0.0004755790174537,6,@_codenerd | @jay_mikee peter | peter | jesus
172,0.0004755790174537,6,95 &amp | @brielarson
173,0.0004755790174537,6,
174,0.0004755790174537,6,
175,0.0004755790174537,6,sam raimi
176,0.0005706948209444,5,
177,0.0004565558567555,5,https://t.co/yohyftngi0
178,0.0004565558567555,5,uncle ben | peter parker | @jorgejimenezart
179,0.0004565558567555,5,wakanda
180,0.0004565558567555,5,shuri
181,0.0004565558567555,5,ac
182,0.0004565558567555,5,@luisn_94
183,0.0004565558567555,5,@c4ked7
184,0.0004565558567555,5,
185,0.0004565558567555,5,avec le
186,0.0006848337851334,5,
187,0.0004565558567555,5,chadwick
188,0.0004565558567555,5,mobius | @mostdopemclovin | tva
189,0.0004565558567555,5,@burbleyuh
190,0.0004565558567555,5,
191,0.0004565558567555,5,
192,0.0004565558567555,5,james brown | jackie robinson | chadwick boseman | @melaninmiyagi
193,0.0004565558567555,5,
194,0.0004565558567555,5,chadwick boseman | @ticcytx
195,0.0004565558567555,5,
196,0.0004565558567555,5,https://t.co/i0ti2i0an4 | los angeles | @rams | nfl
197,0.0004565558567555,5,chadwick boseman | https://t.co/ncj5ceirqc
198,0.0004565558567555,5,chadwickboseman | chemotherapy &amp | todayinla
199,0.0004565558567555,5,chadwick boseman
200,0.0004565558567555,5,assumed tao's
201,0.0004565558567555,5,chadwick boseman
202,0.0004565558567555,5,chadwick boseman
203,0.0004565558567555,5,@_baba_jk chadwick boseman | @notyourmisstt
204,0.0004565558567555,5,@noshamelh @kisseslouie
205,0.0006848337851334,5,chadwick | @neckyza1 @u_kunateh
206,0.0004565558567555,5,chadwick boseman
207,0.0004565558567555,5,
208,0.0004565558567555,5,@fazelulutype | @futives
209,0.0004565558567555,5,@visecs | wakanda forever
210,0.0004565558567555,5,@aqualitymess
211,0.0004565558567555,5,@euphoricvinyl
212,0.0004565558567555,5,chadwick boseman | @jordanrbowler
213,0.0004565558567555,5,chadwick boseman | @imericacampbell
214,0.0004565558567555,5,@jefffrancoeur | jackie robinson | chadwick boseman
215,0.0004565558567555,5,@karapiana
216,0.0004565558567555,5,@deadlylxmela
217,0.0004565558567555,5,chadwick boseman | rip wakanda
218,0.0004565558567555,5,
219,0.0004565558567555,5,rumor | kinda | shuri | stan lee | @jason24cf
220,0.0004565558567555,5,@leakthompson | https://t.co/xmzaklyqkr @gregorycordaro greg | chadwick boseman
221,0.0004565558567555,5,lincoln | chadwick boseman
222,0.0004565558567555,5,@seatinmol | kamala khan
223,0.0004565558567555,5,
224,0.0004565558567555,5,@southiefromstw1
225,0.0004565558567555,5,
226,0.0004565558567555,5,
227,0.0004565558567555,5,disney+
228,0.0004565558567555,5,muhammad | https://t.co/q6uiibhvzc @du1869 | robert f. williams
229,0.0004565558567555,5,sony | microsoft | ps
230,0.0005706948209444,5,@landrumbrandon @theblackpanther
231,0.0004565558567555,5,nakia
232,0.0004565558567555,5,
233,0.0004565558567555,5,@statefarm
234,0.0004565558567555,5,xbox
235,0.0004565558567555,5,
236,0.0004565558567555,5,chadwick boseman | @19hassan49 | natgeo
237,0.0004565558567555,5,@reiteller @dai_mieo @art444star
238,0.0004565558567555,5,
239,0.0004565558567555,5,chadwick boseman | @vivsmythe
240,0.0004565558567555,5,ariel | @brndxix
241,0.0004565558567555,5,
242,0.0004565558567555,5,chadwick boseman | wakanda
243,0.0004565558567555,5,ko | ki background | ho | ke baat kar rha | @aaratis_14 | ke baat nhi kar rha selection
244,0.0004565558567555,5,luke | @amulet_spad15
245,0.0004565558567555,5,@ddkeyd | @benreilly149
246,0.0004565558567555,5,
247,0.0004565558567555,5,chadwick boseman | @lewy601
248,0.0004565558567555,5,@maxwelljadot
249,0.0004565558567555,5,
250,0.0004565558567555,5,@snakiergj | aucun film | mme dr strange | shang chi
251,0.0004565558567555,5,@f0ur_he_d @rileyanntoine | shuri
252,0.0004565558567555,5,jordan | chadwick | @ayobbybop
253,0.0004565558567555,5,
254,0.0004565558567555,5,@_mrundead
255,0.0005706948209444,5,
256,0.0004565558567555,5,
257,0.0004565558567555,5,@grandecw | @popgirliefan | chris
258,0.0004565558567555,5,@relax_b13
259,0.0004565558567555,5,
260,0.0004565558567555,5,cb
261,0.0004565558567555,5,chadwick boseman @fazegrizzly58
262,0.0004565558567555,5,chadwick boseman | @joelembiid
263,0.0004565558567555,5,cmon now
264,0.0004565558567555,5,
265,0.0004280211157083,4,
266,0.0004280211157083,4,@tylr_tylr_tylr @notkavi
267,0.0004280211157083,4,america
268,0.0004280211157083,4,
269,0.0004280211157083,4,@kirsinordstrm @churchill
270,0.0005706948209444,4,
271,0.0004280211157083,4,
272,0.0004280211157083,4,@lttltus | un | @teetoejackson
273,0.0004280211157083,4,@holywiccan | tom holland
274,0.0004280211157083,4,@prxm02257484 @mcu_talk1
275,0.0004280211157083,4,
276,0.0004280211157083,4,
277,0.0004280211157083,4,moment de la | les temps sont difficiles | il suffit d'une | un | sanitaires seront
278,0.0004280211157083,4,catt | christopher williams
279,0.0004280211157083,4,stan lee
280,0.0004280211157083,4,
281,0.0004280211157083,4,yun yung | ni chadwick | pa naman siya
282,0.0005706948209444,4,@buterabitchhh | chadwick boseman
283,0.0004280211157083,4,
284,0.0004280211157083,4,https://t.co/klyjj5k8n2 | chadwick boseman
285,0.0004280211157083,4,@lizstonecomedy
286,0.0004280211157083,4,@marvelsmodok
287,0.0004280211157083,4,@jaeminohsexc @chansoldior woozi | woozi
288,0.0004280211157083,4,
289,0.0004280211157083,4,@my_echo4 @gonzalezratili1
290,0.0004280211157083,4,
291,0.0004280211157083,4,@phantompanda7 @jullianburdett
292,0.0004280211157083,4,
293,0.0004280211157083,4,chadwick boseman
294,0.0004280211157083,4,
295,0.0004280211157083,4,
296,0.0004280211157083,4,chadwick boseman's
297,0.0004280211157083,4,@pandasandvidya
298,0.0004280211157083,4,
299,0.0004280211157083,4,olsen | lebron
300,0.0004280211157083,4,@crownandjoke @blu_ray381
301,0.0004280211157083,4,chadwick
302,0.0004280211157083,4,harry
303,0.0004280211157083,4,konprann | @dadjipi @realbakypopile | misye pa | li | chadwick boseman
304,0.0004280211157083,4,
305,0.0004280211157083,4,
306,0.0004280211157083,4,
307,0.0004280211157083,4,@tmz @toofab
308,0.0004280211157083,4,@saranyagn
309,0.0004280211157083,4,
310,0.0004280211157083,4,@gai_ia | dakwick boseman
311,0.0005706948209444,4,@heymeredith @drewgrey chadwick boseman
312,0.0004280211157083,4,
313,0.0004280211157083,4,chadwick boseman | https://t.co/tpuajkpcvj
314,0.0005706948209444,4,chadwick boseman | @drunk3p0
315,0.0004280211157083,4,
316,0.0004280211157083,4,@sandejilimane | chadwick boseman
317,0.0004280211157083,4,chadwick boseman
318,0.0004280211157083,4,jackie robinson | @mlb
319,0.0004280211157083,4,chadwick boseman | sarah-louise robertson | @tomswarbrick1
320,0.0004280211157083,4,chadwick boseman | @samantha_1991
321,0.0004280211157083,4,@gretjhyun | chadwick boseman
322,0.0004280211157083,4,@infireskoo @rmarchives chadwick boseman
323,0.0004280211157083,4,@manart_twt | chadwick bozeman
324,0.0004280211157083,4,
325,0.0004280211157083,4,@iremisefidel
326,0.0004280211157083,4,@vachandang
327,0.0004280211157083,4,@hotnewhiphop rip chadwick boseman | chadwick boseman | @hotnewhiphop
328,0.0004280211157083,4,chadwick first | chadwick boseman | ripchadwick
329,0.0004280211157083,4,kpop twt | @skizwpp
330,0.0004280211157083,4,
331,0.0004280211157083,4,@redgxblin | chadwick boseman
332,0.0004280211157083,4,@anshuiscute_bs @officialkashewz chadwick bozeman
333,0.0004280211157083,4,https://t.co/iqydmkunex | chadwick boseman | chadwick boseman's | @byronpitts
334,0.0004280211157083,4,chadwick boseman | @bts_twt059 @btsworldwider
335,0.0004280211157083,4,@peachiikoo chadwick boseman
336,0.0004280211157083,4,@realshiina
337,0.0004280211157083,4,chadwick boseman | @shoenoma
338,0.0004280211157083,4,chadwick
339,0.0004280211157083,4,a.k.a black | chadwick boseman | @drunkentigerjk
340,0.0004280211157083,4,chadwick boseman
341,0.0005706948209444,4,
342,0.0004280211157083,4,chadwickboseman
343,0.0004280211157083,4,@oakland
344,0.0005706948209444,4,@283sprinkles @macdoesit chadwick boseman (
345,0.0004280211157083,4,@honeyy_wooyoung @lcyeosang chadwick boseman
346,0.0004280211157083,4,
347,0.0004280211157083,4,@thexenoxv @teamdokkaner
348,0.0004280211157083,4,@sunflxwercanyon | chadwick bozeman
349,0.0004280211157083,4,
350,0.0004280211157083,4,@themelalee
351,0.0004280211157083,4,@ashlee_quick chadwick boseman
352,0.0004280211157083,4,
353,0.0004280211157083,4,chadwick boseman
354,0.0004280211157083,4,
355,0.0004280211157083,4,
356,0.0004280211157083,4,chadwick boseman
357,0.0004280211157083,4,
358,0.0004280211157083,4,jackie robinson | @athletelogos @adsxe
359,0.0004280211157083,4,chadwick boseman  star
360,0.0004280211157083,4,chadwick boseman | https://t.co/hup0mcqpv5
361,0.0004280211157083,4,chadwick boseman | black panther
362,0.0004280211157083,4,chadwick boseman | @zames231
363,0.0004280211157083,4,
364,0.0004280211157083,4,
365,0.0005706948209444,4,thurgood marshall | @llawson @nike kobe | crash.chadwick boseman | wakanda | james brown
366,0.0004280211157083,4,chadwick boseman
367,0.0005706948209444,4,
368,0.0004280211157083,4,@dragooniron @squareenix
369,0.0004280211157083,4,
370,0.0004280211157083,4,wakanda
371,0.0004280211157083,4,chadwick
372,0.0004280211157083,4,
373,0.0004280211157083,4,george perez
374,0.0004280211157083,4,chadwick boseman
375,0.0004280211157083,4,
376,0.0004280211157083,4,shuri
377,0.0004280211157083,4,
378,0.0005706948209444,4,
379,0.0004280211157083,4,chadwick boseman | @m__pau | rihanna
380,0.0005706948209444,4,@tre_john_son @scottmendelson
381,0.0004280211157083,4,
382,0.0005706948209444,4,netflix | sony
383,0.0004280211157083,4,william hurt | chadwick
384,0.0004280211157083,4,chadwick | @thestrxggler @weaponizedrage black
385,0.0004280211157083,4,
386,0.0004280211157083,4,
387,0.0004280211157083,4,
388,0.0004280211157083,4,chadwick
389,0.0004280211157083,4,shuri
390,0.0004280211157083,4,chadwick
391,0.0004280211157083,4,mahsa_amini | iran | @negeengolii
392,0.0004280211157083,4,
393,0.0004280211157083,4,@andrewlivsey4
394,0.0004280211157083,4,chadwick boseman
395,0.0004280211157083,4,selvigs | donald blake | dr.
396,0.0004280211157083,4,stan lee
397,0.0004280211157083,4,@foxnews | macdonald
398,0.0004280211157083,4,
399,0.0004280211157083,4,@elledani
400,0.0004280211157083,4,
401,0.0004280211157083,4,taliban | america | lal singh chadha
402,0.0004280211157083,4,
403,0.0004280211157083,4,stan
404,0.0004280211157083,4,@j_weaksauce @bobnetworklph
405,0.0004280211157083,4,falcon
406,0.0004280211157083,4,@thedrkpunisher
407,0.0004280211157083,4,chadwick
408,0.0004280211157083,4,jordan
409,0.0004280211157083,4,
410,0.0004280211157083,4,
411,0.0004280211157083,4,shuri
412,0.0004280211157083,4,m'baku | t'challa unknown | nakia | shuri
413,0.0004280211157083,4,
414,0.0004280211157083,4,shuri
415,0.0004280211157083,4,kilmonger | @sevenpcambell3 @mrjaywashington
416,0.0004280211157083,4,@neves7e @mcu_facility
417,0.0004280211157083,4,
418,0.0004280211157083,4,
419,0.0004280211157083,4,4african champions2022
420,0.0004280211157083,4,steve
421,0.0004280211157083,4,
422,0.0004280211157083,4,@blackdetta
423,0.0004280211157083,4,@m_jibola
424,0.0004280211157083,4,samuel l. jackson | michael douglas
425,0.0004280211157083,4,
426,0.0004280211157083,4,us
427,0.0004280211157083,4,inko | achhi lagti hai jiska koi | @akshaykumar | hai na ki kisi | hai | ho .
428,0.0004280211157083,4,ya lavant
429,0.0004280211157083,4,@cclg_uk
430,0.0004280211157083,4,richard harris
431,0.0004280211157083,4,mar vell | disney | mar vells death
432,0.0004280211157083,4,
433,0.0005706948209444,4,
434,0.0004280211157083,4,
435,0.0005706948209444,4,falcon
436,0.0004280211157083,4,chadwick | @mviefrk_108
437,0.0004280211157083,4,@heroichollywood
438,0.0004280211157083,4,sam | sam rami | @ercboxoffice
439,0.0004280211157083,4,@clarisselou
440,0.0004280211157083,4,robert e howard
441,0.0005706948209444,4,un
442,0.0004280211157083,4,chadwick boseman | @m_franceschetti
443,0.0004280211157083,4,chadwick boseman | @themeghanlodon
444,0.0004280211157083,4,sony | microsoft
445,0.0004280211157083,4,
446,0.0004280211157083,4,
447,0.0004280211157083,4,@jymehendrix @tragicbirdapp marvel's | lee
448,0.0004280211157083,4,uncle stan | william hurt
449,0.0004280211157083,4,stan lee
450,0.0004280211157083,4,
451,0.0004280211157083,4,
452,0.0004280211157083,4,
453,0.0004280211157083,4,
454,0.0004280211157083,4,joker
455,0.0004280211157083,4,abideth | loveth
456,0.0004280211157083,4,monica rambeau &amp | @soamms @wizzyxd
457,0.0004280211157083,4,chadwick | frank &amp;sons
458,0.0004280211157083,4,
459,0.0004280211157083,4,chadwick boseman
460,0.0004280211157083,4,@gamekraft @mintblitz | halo
461,0.0004280211157083,4,@edoniav
462,0.0004280211157083,4,
463,0.0004280211157083,4,
464,0.0004280211157083,4,@blaqueword @dariccott | tchalla | shuri
465,0.0004280211157083,4,chadwick
466,0.0004280211157083,4,https://t.co/h5zy2fhre5 | letitia | @treezysosa
467,0.000380463213963,3,@jeremymonjo
468,0.000380463213963,3,microsoft | @alkime
469,0.000380463213963,3,jack kirbys | john saluting | marshall | @beschlossdc | supreme court | chadwick boseman
470,0.000380463213963,3,
471,0.000380463213963,3,newton | @princessaudumb | @theproestdwarf hahaha
472,0.000380463213963,3,jubilee
473,0.000380463213963,3,james bond kinda | @doog_919 @spidervenom69
474,0.000380463213963,3,@tchalla_fett nah man
475,0.000380463213963,3,
476,0.000380463213963,3,@georgeharrison | = @thebeatles &amp | uk | kenmichaels
477,0.000380463213963,3,stan lee | tweet homie
478,0.000380463213963,3,@gallifrey_garyk @ray_harryhausen | ray harryhausen
479,0.000380463213963,3,
480,0.000380463213963,3,chadwick boseman
481,0.000380463213963,3,@cosmovarietyhr @cosmonautmarcus | chadwick boseman
482,0.000380463213963,3,
483,0.000380463213963,3,
484,0.000380463213963,3,chadwick | @theironwarmach1
485,0.000380463213963,3,@arashiraven
486,0.000380463213963,3,
487,0.000380463213963,3,
488,0.000380463213963,3,
489,0.000380463213963,3,@experiencedgam8 | devs
490,0.000380463213963,3,@fabsfwd @tallfineboy
491,0.000380463213963,3,@mikebellatl
492,0.000380463213963,3,chadwick
493,0.000380463213963,3,
494,0.000380463213963,3,china
495,0.000380463213963,3,al cinema | poi se vuoi | lo stesso giorno | netflix | pixar
496,0.000380463213963,3,@merrillhagan @b_hay
497,0.000380463213963,3,
498,0.000380463213963,3,@pierrer0ndeau | @lemondefr oui mais | des mangas
499,0.000380463213963,3,jackie robinson | thurgood marshall | james brown
500,0.000380463213963,3,
501,0.000380463213963,3,@benmaller
502,0.000380463213963,3,
503,0.000380463213963,3,
504,0.000380463213963,3,chadwick boseman right now
505,0.000380463213963,3,chadwick boseman
506,0.000380463213963,3,chadwick boseman | @nh3_engineer
507,0.000380463213963,3,chadwick boseman | @karl_delo
508,0.000380463213963,3,
509,0.000380463213963,3,@fanamokoena
510,0.000380463213963,3,
511,0.000380463213963,3,
512,0.000380463213963,3,shuri
513,0.000380463213963,3,
514,0.000380463213963,3,
515,0.000380463213963,3,chadwick boseman
516,0.000380463213963,3,
517,0.000380463213963,3,chadwick
518,0.000380463213963,3,wakanda | chadwickboseman
519,0.000380463213963,3,chadwickboseman
520,0.000380463213963,3,michael b. jordan | matt sayles | chadwick boseman
521,0.000380463213963,3,@johnboyega
522,0.000380463213963,3,
523,0.000380463213963,3,
524,0.000380463213963,3,los angeles | chadwickboseman
525,0.000380463213963,3,karlyn ruth meyer | chadwick boseman | @thrasherxy | t'challa meant
526,0.000380463213963,3,@geraldorivera
527,0.000380463213963,3,@whoopigoldberg
528,0.000380463213963,3,shuri
529,0.000380463213963,3,james | chadwick boseman | kinda
530,0.000380463213963,3,@maxposedyt
531,0.000380463213963,3,boseman
532,0.000380463213963,3,chadwick boseman
533,0.000380463213963,3,@blavity of chadwick boseman
534,0.000380463213963,3,@adidas | chadwick boseman
535,0.000380463213963,3,chadwick boseman
536,0.000380463213963,3,
537,0.000380463213963,3,
538,0.000380463213963,3,
539,0.000380463213963,3,@cinnamonpomme
540,0.000380463213963,3,chadwick boseman
541,0.000380463213963,3,san diego
542,0.000380463213963,3,
543,0.000380463213963,3,
544,0.000380463213963,3,va
545,0.000380463213963,3,
546,0.000380463213963,3,
547,0.000380463213963,3,chadwick boseman
548,0.000380463213963,3,chadwick boseman
549,0.000380463213963,3,chadwick boseman | https://t.co/wovy05gykc | chadwick
550,0.000380463213963,3,
551,0.000380463213963,3,
552,0.000380463213963,3,@drlupo chadwick
553,0.000380463213963,3,shuri
554,0.000380463213963,3,
555,0.000380463213963,3,minneapolis | chadwick boseman
556,0.000380463213963,3,chadwick boseman
557,0.000380463213963,3,
558,0.000380463213963,3,chadwick | ramirezpostol
559,0.000380463213963,3,anderson
560,0.000380463213963,3,@dredheaddre
561,0.000380463213963,3,
562,0.000380463213963,3,
563,0.000380463213963,3,
564,0.000380463213963,3,
565,0.000380463213963,3,
566,0.000380463213963,3,
567,0.000380463213963,3,panther | @jexnghansbby
568,0.000380463213963,3,chadwick boseman
569,0.000380463213963,3,@d_vrmy | chadwick bozeman
570,0.000380463213963,3,chadwickboseman
571,0.000380463213963,3,
572,0.000380463213963,3,@thalasstica // | chadwick boseman
573,0.000380463213963,3,
574,0.000380463213963,3,chadwick boseman
575,0.000380463213963,3,@lisafrancecnn lisa | jack kirby | boseman | cnn
576,0.000380463213963,3,chadwick boseman | jake parker
577,0.000380463213963,3,@ryguyrocky
578,0.000380463213963,3,
579,0.000380463213963,3,chadwick boseman
580,0.000380463213963,3,chadwick boseman | @realthunder402
581,0.000380463213963,3,chadwick boseman | @news
582,0.000380463213963,3,chadwick boseman
583,0.000380463213963,3,
584,0.000380463213963,3,chadwick boseman | @laurakbrehm
585,0.000380463213963,3,@kassiashton | christopher
586,0.000380463213963,3,
587,0.000380463213963,3,chadwick boseman
588,0.000380463213963,3,chadwick https://t.co/eufrgweqmw | chadwickboseman
589,0.000380463213963,3,wakanda
590,0.000380463213963,3,jackie robinson | jackie robinson day | thurgood marshall | james brown
591,0.000380463213963,3,
592,0.000380463213963,3,chadwick boseman
593,0.000380463213963,3,
594,0.000380463213963,3,chadwick boseman
595,0.000380463213963,3,@musclebunnyuwu ummm chadwick
596,0.000380463213963,3,chadwick boseman | jack kirby
597,0.000380463213963,3,
598,0.000380463213963,3,@ltsuklameno
599,0.000380463213963,3,
600,0.000380463213963,3,
601,0.000380463213963,3,chadwick boseman | @_taylor_matt | https://t.co/hmc4ylpemq
602,0.000380463213963,3,cbs | chadwick boseman | @drlapook
603,0.000380463213963,3,
604,0.000380463213963,3,
605,0.000380463213963,3,
606,0.000380463213963,3,chadwick | shuri
607,0.000380463213963,3,https://t.co/hquubltjxn | chadwick boseman
608,0.000380463213963,3,chadwick boseman | @bnpdayren
609,0.000380463213963,3,chadwick boseman
610,0.000380463213963,3,chadwick boseman | quando qualcuno di
611,0.000380463213963,3,@brfootball | chadwick boseman
612,0.000380463213963,3,chadwick boseman
613,0.000380463213963,3,chadwick boseman
614,0.000380463213963,3,ma
615,0.000380463213963,3,chadwick
616,0.000380463213963,3,
617,0.000380463213963,3,chadwickboseman
618,0.000380463213963,3,chadwick boseman
619,0.000380463213963,3,wakanda forever
620,0.000380463213963,3,
621,0.000380463213963,3,
622,0.000380463213963,3,@sayem1002 chadwick boseman
623,0.000380463213963,3,chadwick
624,0.000380463213963,3,chadwick boseman
625,0.000380463213963,3,chadwick boseman | blackpantherliveson | @primetalksnews
626,0.000380463213963,3,chadwick  
627,0.000380463213963,3,chadwick boseman
628,0.000380463213963,3,
629,0.000380463213963,3,@yunsungsninja chadwick poseman
630,0.000380463213963,3,chadwick boseman
631,0.000380463213963,3,
632,0.000380463213963,3,chadwick boseman
633,0.000380463213963,3,
634,0.000380463213963,3,
635,0.000380463213963,3,@grantthegoatyt yo the chadwick boseman
636,0.000380463213963,3,chadwick
637,0.000380463213963,3,chadwick boseman
638,0.000380463213963,3,@aruthsarmiento chadwick boseman
639,0.000380463213963,3,chadwick | chadwickboseman
640,0.000380463213963,3,@luminescentbirb
641,0.000380463213963,3,@harryspurplebow chadwick
642,0.000380463213963,3,
643,0.000380463213963,3,@jane__rea
644,0.000380463213963,3,@anairis_q
645,0.000380463213963,3,
646,0.000380463213963,3,chadwick boseman
647,0.000380463213963,3,
648,0.000380463213963,3,@roslayme chadwick boseman
649,0.000380463213963,3,chadwick boseman
650,0.000380463213963,3,
651,0.000380463213963,3,chadwick boseman
652,0.000380463213963,3,chadwick boseman | vishen. | america
653,0.000380463213963,3,
654,0.000380463213963,3,
655,0.000380463213963,3,chadwickbozeman
656,0.000380463213963,3,@sumonbasak456
657,0.000380463213963,3,chadwick boseman
658,0.000380463213963,3,@kxmchi
659,0.000380463213963,3,hlis denzel | washington
660,0.000380463213963,3,"t'challa, a.k.a the black panther | chadwick boseman"
661,0.000380463213963,3,
662,0.000380463213963,3,chadwick boseman | @multityongf
663,0.000380463213963,3,chadwick boseman
664,0.000380463213963,3,chadwick boseman
665,0.000380463213963,3,chadwickboseman
666,0.000380463213963,3,
667,0.000380463213963,3,kirby | chadwick | jack kirby's
668,0.000380463213963,3,@mayarupert
669,0.000380463213963,3,shuri
670,0.000380463213963,3,chadwick boseman | wakanda forever
671,0.000380463213963,3,
672,0.000380463213963,3,@dazaikr cw // death
673,0.000380463213963,3,chadwick boseman
674,0.000380463213963,3,
675,0.000380463213963,3,@thejetontnt
676,0.000380463213963,3,@gcldnlou chadwick boseman
677,0.000380463213963,3,
678,0.000380463213963,3,shuri
679,0.000380463213963,3,@yomexxico the actor
680,0.000380463213963,3,@mrbeastyt
681,0.000380463213963,3,
682,0.000380463213963,3,chadwick boseman | @kkstjh tw //
683,0.000380463213963,3,jackie robinson | @lukermclaughlin
684,0.000380463213963,3,chadwick boseman
685,0.000380463213963,3,
686,0.000380463213963,3,chadwick boseman
687,0.000380463213963,3,jackie robinson
688,0.000380463213963,3,chadwick boseman
689,0.000380463213963,3,chadwick boseman
690,0.000380463213963,3,jackie robinson
691,0.000380463213963,3,chadwickboseman
692,0.000380463213963,3,chadwick boseman
693,0.000380463213963,3,chadwick boseman
694,0.000380463213963,3,
695,0.000380463213963,3,chadwick boseman | @pervertedpuppie
696,0.000380463213963,3,@pjmiuxury chadwick boseman
697,0.000380463213963,3,chadwick boseman
698,0.000380463213963,3,chadwick boseman
699,0.000380463213963,3,@teekewfn
700,0.000380463213963,3,chadwick boseman
701,0.000380463213963,3,
702,0.000380463213963,3,
703,0.000380463213963,3,@roaryloves1d chadwick boseman
704,0.000380463213963,3,chadwick boseman
705,0.000380463213963,3,chadwick
706,0.000380463213963,3,
707,0.000380463213963,3,chadwick boseman
708,0.000380463213963,3,
709,0.000380463213963,3,
710,0.000380463213963,3,@parkarier chadwick boseman
711,0.000380463213963,3,chadwick boseman
712,0.000380463213963,3,
713,0.000380463213963,3,@balleralert
714,0.000380463213963,3,chadwick boseman
715,0.000380463213963,3,chadwick bozeman
716,0.000380463213963,3,chadwick boseman
717,0.000380463213963,3,wakanda
718,0.000380463213963,3,chadwick
719,0.000380463213963,3,chadwick boseman
720,0.000380463213963,3,jfc | @infinitysgrace
721,0.000380463213963,3,@marciapecot | chadwickboseman
722,0.000380463213963,3,chadwick boseman - @yellowflashguy
723,0.000380463213963,3,jackie robinson | chadwick boseman | @dannymactv
724,0.000380463213963,3,@kyeoptastic chadwick boseman
725,0.000380463213963,3,jack kirby's
726,0.000380463213963,3,@kdiamondsz | chadwick bozeman
727,0.000380463213963,3,@alltimekalee
728,0.000380463213963,3,@qol28
729,0.000380463213963,3,chadwick
730,0.000380463213963,3,@ohucakee
731,0.000380463213963,3,@y00ngl0ss chadwick boseman
732,0.000380463213963,3,jackie robinson | chadwick boseman | thurgood marshall | james brown
733,0.000380463213963,3,@ruelbestboy
734,0.000380463213963,3,
735,0.000380463213963,3,chadwick boseman | @geniuslilsuga
736,0.000380463213963,3,chadwick boseman | wakanda forever
737,0.000380463213963,3,chadwickboseman | @onkendricklamar black panther | rih king   
738,0.000380463213963,3,jackie robinson
739,0.000380463213963,3,
740,0.000380463213963,3,t'challa
741,0.000380463213963,3,@selenur chadwick boseman
742,0.000380463213963,3,chadwick boseman
743,0.000380463213963,3,chadwickboseman
744,0.000380463213963,3,
745,0.000380463213963,3,@570news | chadwick boseman
746,0.000380463213963,3,chadwick boseman | @rocket_grrrl
747,0.000380463213963,3,
748,0.000380463213963,3,jackie robinson | rip chadwick
749,0.000380463213963,3,wakanda forever
750,0.000380463213963,3,
751,0.000380463213963,3,chadwick boseman | @goreshx
752,0.000380463213963,3,@bjmashpotato
753,0.000380463213963,3,wakanda
754,0.000380463213963,3,chadwick boseman
755,0.000380463213963,3,
756,0.000380463213963,3,
757,0.000380463213963,3,chadwick boseman
758,0.000380463213963,3,chadwick boseman | https://t.co/89z483y4pu
759,0.000380463213963,3,
760,0.000380463213963,3,chadwick boseman
761,0.000380463213963,3,
762,0.000380463213963,3,
763,0.000380463213963,3,jackie robinson | chadwick boseman | https://t.co/mcv5qttpte | james brown
764,0.000380463213963,3,@bombsfall | manhattan
765,0.000380463213963,3,chadwick
766,0.000380463213963,3,@adoreyoufishy
767,0.000380463213963,3,chadwick boseman | wakanda forever
768,0.000380463213963,3,abc | chadwick boseman | @mmflint | fox
769,0.000380463213963,3,chadwick
770,0.000380463213963,3,chadwick boseman
771,0.000380463213963,3,chadwick boseman
772,0.000380463213963,3,https://t.co/tav2vro8tc
773,0.000380463213963,3,
774,0.000380463213963,3,
775,0.000380463213963,3,
776,0.000380463213963,3,
777,0.000380463213963,3,
778,0.000380463213963,3,stan lee
779,0.000380463213963,3,bossman
780,0.000380463213963,3,wakanda | okoyi | nakia | zuri
781,0.000380463213963,3,
782,0.000380463213963,3,shuri
783,0.000380463213963,3,chadwick boseman
784,0.000380463213963,3,chadwick
785,0.000380463213963,3,yeh
786,0.000380463213963,3,
787,0.000380463213963,3,chadwick boseman
788,0.000380463213963,3,
789,0.000380463213963,3,chadwick boseman
790,0.000380463213963,3,@jasminemoriah
791,0.000380463213963,3,
792,0.000380463213963,3,chadwick boseman
793,0.000380463213963,3,chadwick boseman
794,0.000380463213963,3,
795,0.000380463213963,3,chadwick boseman | jack kirby's
796,0.000380463213963,3,n'interresseront | diront
797,0.000380463213963,3,
798,0.000380463213963,3,wakanda
799,0.000380463213963,3,
800,0.000380463213963,3,
801,0.000380463213963,3,
802,0.000380463213963,3,grandma
803,0.000380463213963,3,
804,0.000380463213963,3,blackpanther2 | shuri
805,0.000380463213963,3,
806,0.000380463213963,3,@treysongz
807,0.000380463213963,3,https://t.co/rs1fhzbsqg | @katiyar168
808,0.000380463213963,3,@ultericsohn chaswick boseman
809,0.000380463213963,3,@johnjohnboy721
810,0.000380463213963,3,chadwick boseman
811,0.000380463213963,3,chadwick boseman
812,0.000380463213963,3,
813,0.000380463213963,3,t'challa
814,0.000380463213963,3,
815,0.000380463213963,3,chadwick boseman | @rihanna
816,0.000380463213963,3,
817,0.000380463213963,3,
818,0.000380463213963,3,
819,0.000380463213963,3,chadwick
820,0.000380463213963,3,
821,0.000380463213963,3,
822,0.000380463213963,3,
823,0.000380463213963,3,
824,0.000380463213963,3,
825,0.000380463213963,3,@ftonerdtalk
826,0.000380463213963,3,peter
827,0.000380463213963,3,gta3
828,0.000380463213963,3,stan lee
829,0.000380463213963,3,
830,0.000380463213963,3,america | sam willson | chadwick bozeman
831,0.000380463213963,3,god
832,0.000380463213963,3,
833,0.000380463213963,3,@nellucnhoj kirby
834,0.000380463213963,3,
835,0.000380463213963,3,@theintlmagz | courage &amp
836,0.000380463213963,3,
837,0.000380463213963,3,
838,0.000380463213963,3,@ncebashai
839,0.000380463213963,3,monica | america | sam
840,0.000380463213963,3,
841,0.000380463213963,3,
842,0.000380463213963,3,stan lee
843,0.000380463213963,3,chadwick boseman | @pupcoach
844,0.000380463213963,3,un
845,0.000380463213963,3,cb | kim jung
846,0.000380463213963,3,chadwick
847,0.000380463213963,3,a.k.a
848,0.000380463213963,3,
849,0.000380463213963,3,
850,0.000380463213963,3,
851,0.000380463213963,3,harrison ford
852,0.000380463213963,3,
853,0.000380463213963,3,@amysw_sec
854,0.000380463213963,3,
855,0.000380463213963,3,chadwick
856,0.000380463213963,3,shuri
857,0.000380463213963,3,chadwick
858,0.000380463213963,3,
859,0.000380463213963,3,premire saison
860,0.000380463213963,3,@vargulfur
861,0.000380463213963,3,agatha howlett | luciana roger
862,0.000380463213963,3,
863,0.000380463213963,3,
864,0.000380463213963,3,@jessejholland | chadwick
865,0.000380463213963,3,betty ross | william hurt
866,0.000380463213963,3,betty ross | william hurt
867,0.000380463213963,3,chadwick boseman
868,0.000380463213963,3,chadwick boseman
869,0.000380463213963,3,
870,0.000380463213963,3,
871,0.000380463213963,3,
872,0.000380463213963,3,
873,0.000380463213963,3,
874,0.000380463213963,3,chadwick
875,0.000380463213963,3,chadwick
876,0.000380463213963,3,
877,0.000380463213963,3,neil gaiman | @joshuahorowitz | guillermo del toros doctor strange film
878,0.000380463213963,3,
879,0.000380463213963,3,@beledbylove
880,0.000380463213963,3,
881,0.000380463213963,3,
882,0.000380463213963,3,https://t.co/adohqywjih
883,0.000380463213963,3,se mbl | jogo | @michellgui
884,0.000380463213963,3,gunn
885,0.000380463213963,3,giancarlo esposito | loki | https://t.co/fq4zzocd7d
886,0.000380463213963,3,panther$700.5(5th
887,0.000380463213963,3,john 3:7
888,0.000380463213963,3,
889,0.000380463213963,3,
890,0.000380463213963,3,@d4hz4hn
891,0.000380463213963,3,
892,0.000380463213963,3,@deadline | ron zimmerman
893,0.000380463213963,3,
894,0.000380463213963,3,
895,0.000380463213963,3,
896,0.000380463213963,3,
897,0.000380463213963,3,https://t.co/vcymypefv8
898,0.000380463213963,3,chris evans | america | lou ferrigno
899,0.000380463213963,3,@althistoryhub
900,0.000380463213963,3,
901,0.000380463213963,3,
902,0.000380463213963,3,chadwick boseman
903,0.000380463213963,3,chris hemsworth
904,0.000380463213963,3,@duchessodork
905,0.000380463213963,3,chadwick boseman
906,0.000380463213963,3,
907,0.000380463213963,3,omg paulie  
908,0.000380463213963,3,
909,0.000380463213963,3,chadwick
910,0.000380463213963,3,shuri
911,0.000380463213963,3,chadwick | disney+
912,0.000380463213963,3,actor-- | chadwick
913,0.000380463213963,3,@psylyke
914,0.000380463213963,3,@galadimd | chadwick boseman
915,0.000380463213963,3,crimsonsmear
916,0.000380463213963,3,chadwick boseman
917,0.000380463213963,3,
918,0.000380463213963,3,coz chadwick | kinda
919,0.000380463213963,3,
920,0.000380463213963,3,disney/marvel
921,0.000380463213963,3,stan lee
922,0.000380463213963,3,chadwick boseman
923,0.000380463213963,3,
924,0.000380463213963,3,c3 s1
925,0.000380463213963,3,
926,0.000380463213963,3,chadwick boseman
927,0.000380463213963,3,sony
928,0.000380463213963,3,
929,0.000380463213963,3,
930,0.000380463213963,3,
931,0.000380463213963,3,
932,0.000380463213963,3,
933,0.000380463213963,3,stan lee | rip king | @thegoldensmurf
934,0.000380463213963,3,@yetiyeff
935,0.000380463213963,3,
936,0.000380463213963,3,t'challa
937,0.000380463213963,3,@allfathermedia
938,0.000380463213963,3,@shangskywalker | richard harris
939,0.000380463213963,3,chadwick boseman
940,0.000380463213963,3,@discussingfill
941,0.000380463213963,3,@datspvcecxwbxy
942,0.000380463213963,3,t'challa | @change | wakanda
943,0.000380463213963,3,
944,0.000380463213963,3,chadwick boseman | nigeria
945,0.000380463213963,3,
946,0.000380463213963,3,
947,0.000380463213963,3,@itsthatmovie
948,0.000380463213963,3,ford
949,0.000380463213963,3,blue &amp
950,0.000380463213963,3,
951,0.000380463213963,3,@simply_paxton | california | ronald reagan
952,0.000380463213963,3,
953,0.000380463213963,3,maria
954,0.000380463213963,3,@daniels | brooklyn | congrats
955,0.000380463213963,3,@deadpool_ranger
956,0.000380463213963,3,xbox | @jonmclaren | https://t.co/vj0mgfdoiq https://t.co/ex4r5cvhvb
957,0.000380463213963,3,@khxka | chadwick
958,0.000380463213963,3,@nataniavt | stan lee
959,0.000380463213963,3,
960,0.000380463213963,3,
961,0.000380463213963,3,
962,0.000380463213963,3,wakanda forever | @val9ria
963,0.000380463213963,3,stan lee likeness
964,0.000380463213963,3,charles schultz
965,0.000380463213963,3,
966,0.000380463213963,3,
967,0.000380463213963,3,
968,0.000380463213963,3,stan lee | kmt
969,0.000380463213963,3,@scoantbjoshua
970,0.000380463213963,3,
971,0.000380463213963,3,
972,0.000380463213963,3,
973,0.000380463213963,3,
974,0.000380463213963,3,
975,0.000380463213963,3,monica | william hurt | scott
976,0.000380463213963,3,
977,0.000380463213963,3,chadwick
978,0.000380463213963,3,
979,0.000380463213963,3,
980,0.000380463213963,3,kofi annan
981,0.000380463213963,3,
982,0.000380463213963,3,
983,0.000380463213963,3,
984,0.000380463213963,3,otd
985,0.000380463213963,3,neal adams | al ghul | john stewart | ra
986,0.000380463213963,3,@garaysluv
987,0.000380463213963,3,
988,0.000380463213963,3,
989,0.000380463213963,3,stan lee
990,0.000380463213963,3,banbridge district council | joe fitzpatrick | joe
991,0.000380463213963,3,georgia
992,0.000380463213963,3,
993,0.000380463213963,3,@johndilillo
994,0.000380463213963,3,chadwick
995,0.000380463213963,3,disney &amp
996,0.000380463213963,3,stan lee cameo
997,0.000380463213963,3,@bobbysolez
998,0.000380463213963,3,@fosho_lee
999,0.000380463213963,3,hijaz | jaloot babaz victory | egypt | @law4all3
1000,0.000380463213963,3,gusta la guerra/ accion | gusta el policial----
1001,0.000380463213963,3,sorta
1002,0.000380463213963,3,meet william. | finn jones | sam
1003,0.000380463213963,3,
1004,0.000380463213963,3,sony | @noahgittell | kevin
1005,0.000380463213963,3,
1006,0.000380463213963,3,
1007,0.000380463213963,3,
1008,0.000380463213963,3,@jimlneibaur
1009,0.000380463213963,3,
1010,0.000380463213963,3,
1011,0.000380463213963,3,taylor | sad sad day
1012,0.000380463213963,3,chadwick boseman | wilson
1013,0.000380463213963,3,
1014,0.000380463213963,3,stan lee
1015,0.000380463213963,3,@kellysaharam
1016,0.000380463213963,3,pledge
1017,0.000380463213963,3,@gravepaladin
1018,0.000380463213963,3,
1019,0.000380463213963,3,
1020,0.000380463213963,3,andrew | peter parker
1021,0.000380463213963,3,@matheusjoyboy | mesmo
1022,0.000380463213963,3,
1023,0.000380463213963,3,ryanbodenheim
1024,0.000380463213963,3,@efparkery william hurt
1025,0.000380463213963,3,ylan noel
1026,0.000380463213963,3,william hurt
1027,0.000380463213963,3,
1028,0.000380463213963,3,@matteosalvinimi fate davvero | un | che
1029,0.000380463213963,3,intro | stan lee | @cainlatwitch
1030,0.000380463213963,3,stan lee
1031,0.000380463213963,3,stan lee
1032,0.000380463213963,3,@blerdcentral disney
1033,0.000380463213963,3,@jayythedope
1034,0.000380463213963,3,
1035,0.000380463213963,3,@hammmzain jangan | ada punya | memang tak akan | dia
1036,0.000380463213963,3,hubby &amp
1037,0.000380463213963,3,
1038,0.000380463213963,3,
1039,0.000380463213963,3,@teachermr_b
1040,0.000380463213963,3,@everythingif
1041,0.000380463213963,3,god liveth
1042,0.000380463213963,3,@griffschiller
1043,0.000380463213963,3,
1044,0.000380463213963,3,@superdqp
1045,0.000380463213963,3,
1046,0.000380463213963,3,
1047,0.000380463213963,3,
1048,0.000380463213963,3,martin scorsese
1049,0.000380463213963,3,@wcgamingtweets
1050,0.000380463213963,3,@monicacatapusan
1051,0.000380463213963,3,@tommydoyle47 bruce campbell's | stan lee | bruce
1052,0.000380463213963,3,
1053,0.000380463213963,3,
1054,0.000380463213963,3,tony stark
1055,0.000380463213963,3,peter fonda | fonda
1056,0.000380463213963,3,
1057,0.000380463213963,3,
1058,0.000380463213963,3,@evarrry
1059,0.000380463213963,3,chadwick boseman
1060,0.000380463213963,3,
1061,0.000380463213963,3,
1062,0.000380463213963,3,
1063,0.000380463213963,3,john madden | john | @chipfranklin
1064,0.000380463213963,3,albus
1065,0.000380463213963,3,s chadwick | shuri
1066,0.000380463213963,3,stan lee
1067,0.000380463213963,3,
1068,0.000380463213963,3,sony
1069,0.000380463213963,3,
1070,0.000380463213963,3,
1071,0.000380463213963,3,@infamoushawkguy
1072,0.000380463213963,3,
1073,0.000380463213963,3,@rashaabharris
1074,0.000380463213963,3,@josephglass
1075,0.000380463213963,3,netflix | abc | disney+
1076,0.000380463213963,3,
1077,0.000380463213963,3,@chadshiba
1078,0.000380463213963,3,
1079,0.000380463213963,3,
1080,0.000380463213963,3,chadwick boseman
1081,0.000380463213963,3,t'challa
1082,0.000380463213963,3,
1083,0.000380463213963,3,@rindeljazzy
1084,0.000380463213963,3,chadwick boseman
1085,0.000380463213963,3,clark kent | kal-el
1086,0.000380463213963,3,utah
1087,0.000380463213963,3,manga | @kittyoffrecord
1088,0.000380463213963,3,
1089,0.000380463213963,3,
1090,0.000380463213963,3,@adambienkov | nick fletcher
1091,0.000380463213963,3,kathryn | angelina | harry
1092,0.000380463213963,3,dab
1093,0.000380463213963,3,harry
1094,0.000380463213963,3,
1095,0.000380463213963,3,sony
1096,0.000380463213963,3,@schaffrillas
1097,0.000380463213963,3,truth beach
1098,0.0002853474104722,2,dongseok hyungnim | ma | hyungnim
1099,0.0002853474104722,2,wdyt
1100,0.0002853474104722,2,
1101,0.0002853474104722,2,
1102,0.0002853474104722,2,kevin cole | shiri
1103,0.0002853474104722,2,matt mudock | frank castle! | charlie cox
1104,0.0002853474104722,2,
1105,0.0002853474104722,2,tonystarks | stanlee | lee | @realghostfacekillah | hiphop
1106,0.0002853474104722,2,
1107,0.0002853474104722,2,
1108,0.0002853474104722,2,mfs | wakanda
1109,0.0002853474104722,2,
1110,0.0002853474104722,2,j. scott
1111,0.0002853474104722,2,@finelinealbum
1112,0.0002853474104722,2,kevin
1113,0.0002853474104722,2,
1114,0.0002853474104722,2,
1115,0.0002853474104722,2,
1116,0.0002853474104722,2,
1117,0.0002853474104722,2,
1118,0.0002853474104722,2,
1119,0.0002853474104722,2,@erikjlarsen
1120,0.0002853474104722,2,ma | hte
1121,0.0002853474104722,2,
1122,0.0002853474104722,2,harkonnen
1123,0.0002853474104722,2,
1124,0.0002853474104722,2,chadwick boseman
1125,0.0002853474104722,2,
1126,0.0002853474104722,2,
1127,0.0002853474104722,2,
1128,0.0002853474104722,2,ditko | steve ditko's
1129,0.0002853474104722,2,@princess9star | ditko
1130,0.0002853474104722,2,stan lee
1131,0.0002853474104722,2,https://t.co/676m24wiib https://t.co/r1swukdaby
1132,0.0002853474104722,2,@willsloanesq
1133,0.0002853474104722,2,@furyofthegodz
1134,0.0002853474104722,2,chadwick boseman
1135,0.0002853474104722,2,@jayblacktheboi
1136,0.0002853474104722,2,moi je kiff
1137,0.0002853474104722,2,
1138,0.0002853474104722,2,
1139,0.0002853474104722,2,
1140,0.0002853474104722,2,
1141,0.0002853474104722,2,
1142,0.0002853474104722,2,
1143,0.0002853474104722,2,@rjdeux | shuri
1144,0.0002853474104722,2,jerry
1145,0.0002853474104722,2,
1146,0.0002853474104722,2,melissa
1147,0.0002853474104722,2,jesus
1148,0.0002853474104722,2,
1149,0.0002853474104722,2,qu'il | un | de la collab
1150,0.0002853474104722,2,
1151,0.0002853474104722,2,
1152,0.0002853474104722,2,chadwick
1153,0.0002853474104722,2,da quando ho inziato | nemmeno | che | al cinema il primo giorno dell'uscita
1154,0.0002853474104722,2,chadwick boseman | @rizzyutd
1155,0.0002853474104722,2,
1156,0.0002853474104722,2,chadwick boseman | michael b jordan &amp
1157,0.0002853474104722,2,chadwick boseman
1158,0.0002853474104722,2,regrann https://t.co/qvmeczerbr | chadwick boseman
1159,0.0002853474104722,2,
1160,0.0002853474104722,2,
1161,0.0002853474104722,2,chadwick
1162,0.0002853474104722,2,chadwick boseman
1163,0.0002853474104722,2,@edckbar | luke
1164,0.0002853474104722,2,
1165,0.0002853474104722,2,chadwick boseman
1166,0.0002853474104722,2,@tjale_p
1167,0.0002853474104722,2,https://t.co/9pat1klca8 | scarlettjohansson
1168,0.0002853474104722,2,
1169,0.0002853474104722,2,@calebaborchers
1170,0.0002853474104722,2,
1171,0.0002853474104722,2,
1172,0.0002853474104722,2,andrew cuomo
1173,0.0002853474104722,2,chadwick bozeman
1174,0.0002853474104722,2,chadwick | dlc | @tmartn
1175,0.0002853474104722,2,
1176,0.0002853474104722,2,chadwick | @mamasgeeky
1177,0.0002853474104722,2,@gatorloki | shuri
1178,0.0002853474104722,2,
1179,0.0002853474104722,2,
1180,0.0002853474104722,2,@tuurdemeester
1181,0.0002853474104722,2,
1182,0.0002853474104722,2,utc
1183,0.0002853474104722,2,brie larson | katheryn winnick
1184,0.0002853474104722,2,richard meyer
1185,0.0002853474104722,2,andy | disney+
1186,0.0002853474104722,2,stan lee
1187,0.0002853474104722,2,stan lee
1188,0.0002853474104722,2,@ryanhigginsryan
1189,0.0002853474104722,2,
1190,0.0002853474104722,2,
1191,0.0002853474104722,2,kang nonetheless
1192,0.0002853474104722,2,
1193,0.0002853474104722,2,@zachweinberger
1194,0.0002853474104722,2,
1195,0.0002853474104722,2,
1196,0.0002853474104722,2,stan lee
